mission_phase;B_Fuel_kW;B_Eng_Air_kW;B_Electric_Input_kW;W_Bat_Power_out_kW;W_Electric_Motor_in_kW;W_Mec_Engine_out_kW;W_Mec_Hydraulic_Electric_MT_kW;W_Mec_Motor_out_kW;B_Thrust_kW;B_Eng_Gases_kW;B_Bleed_MT_kW;B_Bat_Heat_kW;B_Inverter_Heat_kW;B_Motor_Heat_kW;B_Prop_Air_kW;B_Dest_Engine_kW;B_Dest_Bat_kW;B_Dest_Inverter_kW;B_Dest_Motor_kW;B_Dest_Prop_kW;P_dissipada_Bat_kW;P_loss_Inv_kW;T0_env_K;I_bat_A;Voc_bat_V;Vload_bat_V;eta_ex_engine;eta_ex_bat;eta_ex_inverter;eta_ex_motor;eta_ex_prop;eta_ex_global
climb_1;11084,09871;102,890848;14,875388;14,851962;168,18842;3139,389568;29,828;163,265845;2790,278774;4110,123104;1,06733;0;0;0;0;3906,581551;0,023426;0;4,922575;660,531083;0,023426;0;561,3;18,786909;791,795363;790,548437;0,283295;0,998425;1;0,970732;0,844859;0,249091
climb_1;10994,95204;102,100398;14,878518;14,854885;168,18842;3115,974191;29,828;163,265845;2769,970805;4081,202306;1,093525;0;0;0;0;3868,954419;0,023633;0;4,922575;655,848007;0,023633;0;560,545662;18,801178;791,360923;790,103924;0,283481;0,998412;1;0,970732;0,844699;0,249279
climb_1;10819,9195;100,548091;14,884398;14,860376;168,18842;3069,853409;29,828;163,265845;2729,953737;4024,262011;1,145116;0;0;0;0;3795,37905;0,024022;0;4,922575;646,623851;0,024022;0;559,059842;18,829139;790,49804;789,222242;0,283841;0,998386;1;0,970732;0,844371;0,249645
climb_1;10734,02845;99,786189;14,887159;14,862954;168,18842;3047,149653;29,828;163,265845;2710,246706;3996,24417;1,17051;0;0;0;0;3759,422307;0,024205;0;4,922575;642,0831;0,024205;0;558,328413;18,842845;790,069595;788,785027;0,284016;0,998374;1;0,970732;0,844204;0,249822
climb_2;10749,91786;108,899461;14,887173;14,862968;168,18842;3055,874186;29,828;163,265845;2738,030295;4011,466574;1,170603;0;0;0;0;3760,477956;0,024206;0;4,922575;643,828006;0,024206;0;558,328413;18,842863;790,069595;788,784977;0,284166;0,998374;1;0,970732;0,850547;0,251803
climb_2;10601,49253;107,464155;14,890151;14,865749;168,18842;3015,399309;29,828;163,265845;2702,763161;3962,8669;1,214793;0;0;0;0;3699,647683;0,024403;0;4,922575;635,733031;0,024403;0;557,055551;18,858104;789,588992;788,294962;0,284363;0,998361;1;0,970732;0,850282;0,252033
climb_2;10312,55317;104,669786;14,89571;14,87094;168,18842;2935,393913;29,828;163,265845;2633,055452;3867,713143;1,300745;0;0;0;0;3582,987151;0,024771;0;4,922575;619,731952;0,024771;0;554,579394;18,887956;788,635378;787,323916;0,284646;0,998337;1;0,970732;0,84974;0,252399
climb_2;10171,08552;103,262414;14,898305;14,873362;168,18842;2895,186984;29,828;163,265845;2598,056737;3821,378112;1,342488;0;0;0;0;3526,612354;0,024943;0;4,922575;611,690566;0,024943;0;553,376716;18,902584;788,162358;786,842827;0,284691;0,998326;1;0,970732;0,849468;0,252502
climb_3;10184,8537;111,010523;14,898319;14,873375;168,18842;2902,47053;29,828;163,265845;2618,873729;3834,226594;1,34258;0;0;0;0;3527,996514;0,024943;0;4,922575;613,147275;0,024943;0;553,376716;18,902601;788,162358;786,84278;0,284804;0,998326;1;0,970732;0,85424;0,253994
climb_3;10006,33018;109,077782;14,901597;14,876437;168,18842;2851,339635;29,828;163,265845;2574,169378;3775,881612;1,396008;0;0;0;0;3456,962706;0,02516;0;4,922575;602,921096;0,02516;0;551,837302;18,921794;787,53616;786,206454;0,28483;0,998312;1;0,970732;0,853899;0,254106
climb_3;9684,648023;105,62743;14,907599;14,882042;168,18842;2759,578991;29,828;163,265845;2493,644082;3670,740381;1,499066;0;0;0;0;3328,629015;0,025558;0;4,922575;584,568967;0,025558;0;548,867647;18,959244;786,29713;784,949099;0,284916;0,998286;1;0,970732;0,853157;0,254319
climb_3;9530,701787;103,97011;14,910349;14,884609;168,18842;2715,52219;29,828;163,265845;2454,943768;3620,219461;1,548739;0;0;0;0;3267,553507;0,02574;0;4,922575;575,757607;0,02574;0;547,436243;18,977533;785,684272;784,327953;0,284945;0,998274;1;0,970732;0,85277;0,254409
climb_4;9545,116186;112,774768;14,910363;14,884622;168,18842;2723,388064;29,828;163,265845;2475,768399;3634,527602;1,548863;0;0;0;0;3268,598425;0,025741;0;4,922575;577,330782;0,025741;0;547,436243;18,97755;785,684272;784,327906;0,285074;0,998274;1;0,970732;0,85766;0,255952
climb_4;9436,396588;111,504213;14,912303;14,886434;168,18842;2692,205245;29,828;163,265845;2448,274538;3598,697383;1,584127;0;0;0;0;3225,586046;0,025869;0;4,922575;571,094218;0,025869;0;546,420053;18,990944;785,232345;783,870173;0,285092;0,998265;1;0,970732;0,857398;0,25602
climb_4;9224,815456;109,034637;14,91595;14,88984;168,18842;2631,30551;29,828;163,265845;2394,551704;3528,615676;1,652845;0;0;0;0;3142,448062;0,02611;0;4,922575;558,914271;0,02611;0;544,439845;19,017301;784,335771;782,962797;0,285106;0,99825;1;0,970732;0,856858;0,256136
climb_4;9119,964909;107,814639;14,917664;14,89144;168,18842;2599,995781;29,828;163,265845;2366,976007;3493,574703;1,686264;0;0;0;0;3102,694801;0,026224;0;4,922575;552,652325;0,026224;0;543,476874;19,030276;783,891112;782,513112;0,28499;0,998242;1;0,970732;0,856588;0,256091
climb_5;9130,994345;114,808711;14,917672;14,891448;168,18842;2605,762774;29,828;163,265845;2381,342772;3504,833552;1,686376;0;0;0;0;3103,692353;0,026224;0;4,922575;553,805724;0,026224;0;543,476874;19,030286;783,891112;782,513084;0,285058;0,998242;1;0,970732;0,859992;0,257144
climb_5;9019,932681;113,433743;14,91949;14,893145;168,18842;2572,234047;29,828;163,265845;2351,741529;3467,545925;1,721831;0;0;0;0;3062,036621;0,026345;0;4,922575;547,099978;0,026345;0;542,45526;19,044488;783,401985;782,018669;0,284896;0,998234;1;0,970732;0,859712;0,257069
climb_5;8805,86196;110,773203;14,922895;14,896325;168,18842;2507,460304;29,828;163,265845;2294,519448;3395,505209;1,7905;0;0;0;0;2982,05115;0,02657;0;4,922575;534,14523;0,02657;0;540,476694;19,072437;782,432547;781,039442;0,284557;0,99822;1;0,970732;0,859137;0,2569
climb_5;8705,68166;109,52782;14,924492;14,897816;168,18842;2477,100712;29,828;163,265845;2267,654534;3361,815758;1,823766;0;0;0;0;2944,641244;0,026676;0;4,922575;528,073311;0,026676;0;539,518263;19,086194;781,952218;780,554581;0,284387;0,998213;1;0,970732;0,858841;0,256809
climb_6;8715,477331;116,655687;14,924499;14,897823;168,18842;2482,516339;29,828;163,265845;2280,488269;3372,823673;1,823896;0;0;0;0;2945,14111;0,026676;0;4,922575;529,156437;0,026676;0;539,518263;19,086203;781,952218;780,554557;0,284455;0,998213;1;0,970732;0,861933;0,257768
climb_6;8616,397842;115,34988;14,926206;14,899417;168,18842;2452,474939;29,828;163,265845;2253,783296;3339,679529;1,859342;0;0;0;0;2907,905912;0,026789;0;4,922575;523,148157;0,026789;0;538,497085;19,101416;781,418838;780,016376;0,284285;0,998205;1;0,970732;0,861623;0,257673
climb_6;8423,491806;112,811605;14,929396;14,902396;168,18842;2393,993796;29,828;163,265845;2201,766706;3274,745953;1,928035;0;0;0;0;2835,807627;0,027;0;4,922575;511,451928;0,027;0;536,518299;19,131349;780,362945;778,951643;0,283943;0,998191;1;0,970732;0,860987;0,257479
climb_6;8329,348609;111,575268;14,930888;14,903789;168,18842;2365,484546;29,828;163,265845;2176,397064;3242,841469;1,961291;0;0;0;0;2800,808571;0,027099;0;4,922575;505,750078;0,027099;0;535,560409;19,146082;779,840404;778,42503;0,283774;0,998185;1;0,970732;0,860661;0,257383
climb_7;8340,694924;119,008599;14,930894;14,903795;168,18842;2371,380211;29,828;163,265845;2188,662987;3254,827789;1,961445;0;0;0;0;2801,706078;0,027099;0;4,922575;506,929211;0,027099;0;535,560409;19,14609;779,840404;778,425009;0,283841;0,998185;1;0,970732;0,863498;0,25826
climb_7;8240,070362;117,595919;14,932508;14,905302;168,18842;2341,004107;29,828;163,265845;2161,582857;3220,607281;1,997066;0;0;0;0;2764,229828;0,027206;0;4,922575;500,85399;0,027206;0;534,534521;19,162589;779,253157;777,833408;0,283672;0,998178;1;0,970732;0,863159;0,258173
climb_7;8043,917205;114,849213;14,935517;14,908112;168,18842;2281,627881;29,828;163,265845;2108,628862;3153,395004;2,065767;0;0;0;0;2691,849766;0,027405;0;4,922575;488,978745;0,027405;0;532,556223;19,195044;778,092367;776,664643;0,283309;0,998165;1;0,970732;0,862462;0,257977
climb_7;7949,161852;113,524634;14,936923;14,909425;168,18842;2252,862111;29,828;163,265845;2082,959867;3120,737933;2,098864;0;0;0;0;2657,159578;0,027498;0;4,922575;483,225591;0,027498;0;531,603311;19,211013;777,518781;776,087401;0,283118;0,998159;1;0,970732;0,862107;0,257868
climb_8;7960,465965;121,106311;14,936929;14,90943;168,18842;2258,739866;29,828;163,265845;2094,154305;3132,899881;2,099042;0;0;0;0;2658,005488;0,027499;0;4,922575;484,401142;0,027499;0;531,603311;19,21102;777,518781;776,087383;0,283183;0,998159;1;0,970732;0,864636;0,258649
climb_8;7857,504682;119,570156;14,938485;14,910883;168,18842;2226,749901;29,828;163,265845;2065,582591;3097,241267;2,13497;0;0;0;0;2621,120701;0,027602;0;4,922575;478,003149;0,027602;0;530,569065;19,229343;776,858849;775,423458;0,282883;0,998152;1;0,970732;0,864255;0,258456
climb_8;7660,320228;116,62187;14,941383;14,91359;168,18842;2164,310065;29,828;163,265845;2009,796595;3028,66359;2,20368;0;0;0;0;2551,936762;0,027793;0;4,922575;465,515182;0,027793;0;528,591498;19,265356;775,557068;774,114406;0,282134;0,99814;1;0,970732;0,863472;0,257935
climb_8;7566,414074;115,211024;14,942736;14,914853;168,18842;2134,506212;29,828;163,265845;1983,147711;2995,927759;2,236505;0;0;0;0;2519,126622;0,027883;0;4,922575;459,554411;0,027883;0;527,64697;19,28306;774,91515;773,46917;0,281755;0,998134;1;0,970732;0,863074;0,257667
cruise;6138,335602;146,967629;14,94274;14,914857;168,18842;1655,707269;29,828;163,265845;1560,905206;2388,467123;2,238074;0;0;0;0;2209,062765;0,027883;0;4,922575;363,794623;0,027883;0;527,64697;19,283066;774,91515;773,469156;0,268171;0,998134;1;0,970732;0,858124;0,247753
cruise;6130,42618;146,851717;14,957766;14,928889;168,18842;1652,638069;29,828;163,265845;1558,051884;2384,961034;2,238074;0;0;0;0;2207,61272;0,028878;0;4,922575;363,180783;0,028878;0;527,64697;19,521594;766,216432;764,737166;0,268025;0,998069;1;0,970732;0,858003;0,247615
cruise;6114,801127;146,613891;14,977065;14,94691;168,18842;1646,546451;29,828;163,265845;1552,387399;2378,086137;2,238074;0;0;0;0;2204,716356;0,030155;0;4,922575;361,962459;0,030155;0;527,64697;19,912723;752,135449;750,621101;0,267731;0,997987;1;0,970732;0,857762;0,247338
cruise;6107,042015;146,495366;14,984566;14,953915;168,18842;1643,523647;29,828;163,265845;1549,575889;2374,674896;2,238074;0;0;0;0;2203,272764;0,030651;0;4,922575;361,357898;0,030651;0;527,64697;20,07276;746,512514;744,985507;0,267585;0,997954;1;0,970732;0,857641;0,2472
descent_5;2487,591181;55,190214;0,421985;0,421969;0;116,536326;29,828;0;0;847,483108;2,236505;0;0;0;93,22906;1546,697456;0,000016;0,421969;0;23,307265;0,000016;0,421969;527,64697;0,565276;746,512514;746,483834;0,057561;0,999962;0;0;0;0
descent_5;2520,659209;56,124429;0,421985;0,421969;0;119,22459;29,828;0;0;855,892844;2,202041;0;0;0;95,379672;1569,636163;0,000016;0,421969;0;23,844918;0,000016;0,421969;528,638675;0,565281;746,505326;746,476646;0,057844;0,999962;0;0;0;0
descent_5;2573,51986;57,452293;0,421985;0,421969;0;130,672178;29,828;0;6,397903;869,680146;2,133312;0;0;0;98,13984;1598,658517;0,000016;0,421969;0;26,134436;0,000016;0,421969;530,616774;0,565292;746,490955;746,462274;0,061004;0,999962;0;0;0,048961;0,002431
descent_5;2598,298787;58,064921;0,421985;0,421969;0;136,657136;29,828;0;10,326146;876,071509;2,099042;0;0;0;98,999563;1611,708022;0,000016;0,421969;0;27,331427;0,000016;0,421969;531,603311;0,565298;746,483772;746,455091;0,062674;0,999962;0;0;0,075562;0,003887
descent_6;2598,118059;54,474079;0,421985;0,421969;0;135,514992;29,828;0;14,652574;872,668095;2,098864;0;0;0;93,759419;1612,482188;0,000016;0,421969;0;27,102998;0,000016;0,421969;531,603311;0,565298;746,483772;746,455091;0,062333;0,999962;0;0;0,108125;0,005523
descent_6;2622,786321;55,048578;0,421985;0,421969;0;141,520111;29,828;0;18,620084;878,948062;2,064496;0;0;0;94,596005;1625,47423;0,000016;0,421969;0;28,304022;0,000016;0,421969;532,592794;0,565303;746,476234;746,447553;0,063988;0,999962;0;0;0,131572;0,006952
descent_6;2685,422638;56,649461;0,421985;0,421969;0;148,655695;29,828;0;21,706344;894,719466;1,995806;0;0;0;97,218212;1666,873133;0,000016;0,421969;0;29,731139;0,000016;0,421969;534,570804;0,565315;746,461163;746,432481;0,065091;0,999962;0;0;0,146018;0,007915
descent_6;2718,227088;57,494927;0,421985;0,421969;0;151,770538;29,828;0;22,765199;902,963657;1,961445;0;0;0;98,651232;1689,198375;0,000016;0,421969;0;30,354108;0,000016;0,421969;535,560409;0,56532;746,45363;746,424948;0,065424;0,999962;0;0;0,149997;0,0082
descent_7;2718,432982;53,954209;0,421985;0,421969;0;150,591327;29,828;0;26,766192;899,73544;1,961291;0;0;0;93,706869;1690,271133;0,000016;0,421969;0;30,118265;0,000016;0,421969;535,560409;0,56532;746,45363;746,424948;0,065077;0,999962;0;0;0,177741;0,009653
descent_7;2743,221957;54,472231;0,421985;0,421969;0;156,499948;29,828;0;30,571599;906,08604;1,926831;0;0;0;94,62836;1703,353369;0,000016;0,421969;0;31,29999;0,000016;0,421969;536,55297;0,565326;746,44574;746,417058;0,066601;0,999962;0;0;0,195346;0,010926
descent_7;2791,070407;55,471949;0,421985;0,421969;0;168,03742;29,828;0;37,840313;918,17057;1,858143;0;0;0;96,589623;1728,648224;0,000016;0,421969;0;33,607484;0,000016;0,421969;538,531639;0,565338;746,429964;746,401282;0,069511;0,999962;0;0;0,22519;0,013291
descent_7;2814,508969;55,963511;0,421985;0,421969;0;173,783512;29,828;0;41,416989;924,014078;1,823896;0;0;0;97,609821;1741,022994;0,000016;0,421969;0;34,756702;0,000016;0,421969;539,518263;0,565344;746,422079;746,393396;0,070933;0,999962;0;0;0,238325;0,014427
descent_8;2815,247182;52,593324;0,421985;0,421969;0;172,711373;29,828;0;45,085106;921,125275;1,823766;0;0;0;93,083992;1742,352092;0,000016;0,421969;0;34,542275;0,000016;0,421969;539,518263;0,565344;746,422079;746,393396;0,070624;0,999962;0;0;0,261043;0,015719
descent_8;2840,883071;53,119245;0,421985;0,421969;0;177,865771;29,828;0;48,092312;927,460608;1,789454;0;0;0;94,200305;1757,058483;0,000016;0,421969;0;35,573154;0,000016;0,421969;540,506825;0,565351;746,413806;746,385122;0,071767;0,999962;0;0;0,270385;0,016616
descent_8;2906,674114;54,544492;0,421985;0,421969;0;184,471821;29,828;0;50,413339;944,004199;1,720717;0;0;0;97,164118;1801,19387;0,000016;0,421969;0;36,894364;0,000016;0,421969;542,487366;0,565363;746,397265;746,368581;0,072369;0,999962;0;0;0,273285;0,017022
descent_8;2930,452437;54,959325;0,421986;0,421969;0;190,140181;29,828;0;53,836441;950,24355;1,686376;0;0;0;98,275703;1813,513655;0,000016;0,421969;0;38,028036;0,000016;0,421969;543,476874;0,565369;746,388997;746,360313;0,073681;0,999962;0;0;0,283141;0,018031
descent_9;2931,652724;51,675237;0,421986;0,421969;0;189,0385;29,828;0;57,104974;947,573665;1,686264;0;0;0;94,125826;1815,201531;0,000016;0,421969;0;37,8077;0,000016;0,421969;543,476874;0,565369;746,388997;746,360313;0,073363;0,999962;0;0;0,302081;0,019139
descent_9;2955,38172;52,064149;0,421986;0,421969;0;194,727942;29,828;0;60,545408;953,749727;1,65181;0;0;0;95,236946;1827,488391;0,000016;0,421969;0;38,945588;0,000016;0,421969;544,469694;0,565376;746,380321;746,351636;0,074667;0,999962;0;0;0,310923;0,020129
descent_9;2999,602227;52,843779;0,421986;0,421969;0;205,72385;29,828;0;66,983313;964,517614;1,583119;0;0;0;97,595767;1850,793423;0,000016;0,421969;0;41,14477;0,000016;0,421969;546,44909;0,565389;746,362976;746,33429;0,077168;0,999962;0;0;0,325598;0,021941
descent_9;3021,536868;53,233737;0,421986;0,421969;0;211,153342;29,828;0;70,098892;969,793809;1,548863;0;0;0;98,823782;1862,446591;0,000016;0,421969;0;42,230668;0,000016;0,421969;547,436243;0,565396;746,354306;746,325621;0,078374;0,999962;0;0;0,331981;0,022795
descent_10;3024,481772;49,167781;0,421986;0,421969;0;209,765154;29,828;0;73,794618;967,038158;1,548739;0;0;0;94,017505;1865,469502;0,000016;0,421969;0;41,953031;0,000016;0,421969;547,436243;0,565396;746,354306;746,325621;0,077951;0,999962;0;0;0,351796;0,024005
descent_10;3075,188758;50,061705;0,421986;0,421969;0;214,912587;29,828;0;75,5426;979,969624;1,496957;0;0;0;96,38747;1899,043296;0,000016;0,421969;0;42,982517;0,000016;0,421969;548,928414;0,565406;746,340466;746,31178;0,078311;0,999962;0;0;0,351504;0,024168
descent_10;3142,81951;51,050895;0,421986;0,421969;0;231,104004;29,828;0;84,580113;997,144082;1,393916;0;0;0;100,303091;1934,400403;0,000016;0,421969;0;46,220801;0,000016;0,421969;551,897569;0,565427;746,312803;746,284116;0,081698;0,999962;0;0;0,365983;0,026479
descent_10;3174,131914;51,544524;0,421986;0,421969;0;238,919498;29,828;0;88,742395;1004,52413;1,34258;0;0;0;102,393203;1951,062229;0,000016;0,421969;0;47,7839;0,000016;0,421969;553,376716;0,565438;746,29898;746,270292;0,083315;0,999962;0;0;0,371432;0,027508
descent_11;3177,61247;48,029418;0,421986;0,421969;0;237,806413;29,828;0;91,678213;1002,550406;1,342488;0;0;0;98,566918;1954,114582;0,000016;0,421969;0;47,561283;0,000016;0,421969;553,376716;0,565438;746,29898;746,270292;0,082971;0,999962;0;0;0,385516;0,028418
descent_11;3206,777284;48,478331;0,421986;0,421969;0;243,872214;29,828;0;94,677896;1009,411393;1,29942;0;0;0;100,419875;1970,844588;0,000016;0,421969;0;48,774443;0,000016;0,421969;554,61756;0,565447;746,28675;746,258062;0,084079;0,999962;0;0;0,388227;0,029081
descent_11;3264,207748;49,277271;0,421986;0,421969;0;256,023201;29,828;0;100,571191;1023,600491;1,213484;0;0;0;104,24737;2002,819842;0,000016;0,421969;0;51,20464;0,000016;0,421969;557,093252;0,565465;746,262304;746,233614;0,086269;0,999962;0;0;0,392821;0,030348
descent_11;3292,921129;49,664925;0,421986;0,421969;0;262,434325;29,828;0;103,777456;1030,769429;1,170603;0;0;0;106,170004;2018,383697;0,000016;0,421969;0;52,486865;0,000016;0,421969;558,328413;0,565475;746,250087;746,221397;0,087436;0,999962;0;0;0,395442;0,031043
descent_12;4238,017172;28,561734;0,421986;0,421969;0;587,538216;29,828;0;423,094074;1329,17979;1,17014;0;0;0;46,936499;2318,86276;0,000016;0,421969;0;117,507643;0,000016;0,421969;558,328413;0,565475;746,250087;746,221397;0,144698;0,999962;0;0;0,720113;0,099155
descent_12;4260,184654;28,72776;0,421986;0,421969;0;587,462171;29,828;0;421,807691;1333,987402;1,144351;0;0;0;48,162046;2336,490491;0,000016;0,421969;0;117,492434;0,000016;0,421969;559,07127;0,565483;746,238764;746,210074;0,143927;0,999962;0;0;0,718017;0,098339
descent_12;4306,917314;29,072672;0,421986;0,421969;0;587,805553;29,828;0;419,620302;1344,389196;1,092764;0;0;0;50,62414;2372,874473;0,000016;0,421969;0;117,561111;0,000016;0,421969;560,557063;0,565501;746,216131;746,18744;0,142443;0,999962;0;0;0,713876;0,096767
descent_12;4341,099718;29,301785;0,421986;0,421969;0;588,221322;29,828;0;418,716488;1353,322551;1,066966;0;0;0;51,860569;2397,962662;0,000016;0,421969;0;117,644264;0,000016;0,421969;561,3;0,565509;746,20482;746,176128;0,141417;0,999962;0;0;0,711835;0,095798
reserve_climb_1;11084,09871;102,890848;14,98498;14,954302;168,18842;3139,389568;29,828;163,265845;2790,278774;4110,123104;1,06733;0;0;0;0;3906,581551;0,030679;0;4,922575;660,531083;0,030679;0;561,3;20,081591;746,20482;744,677121;0,283295;0,997953;1;0,970732;0,844859;0,249088
reserve_climb_1;10994,98899;102,100722;14,98514;14,954451;168,18842;3115,9839;29,828;163,265845;2769,979227;4081,214359;1,093514;0;0;0;0;3868,969941;0,030689;0;4,922575;655,849949;0,030689;0;560,545975;20,084997;746,086216;744,558251;0,283481;0,997952;1;0,970732;0,844699;0,249277
reserve_climb_1;10819,96384;100,548485;14,985457;14,954747;168,18842;3069,865119;29,828;163,265845;2729,963901;4024,27645;1,145103;0;0;0;0;3795,397658;0,03071;0;4,922575;646,626193;0,03071;0;559,060219;20,091778;745,850234;744,321739;0,283841;0,997951;1;0,970732;0,844372;0,249642
reserve_climb_1;10734,02845;99,786189;14,985615;14,954895;168,18842;3047,149653;29,828;163,265845;2710,246706;3996,24417;1,17051;0;0;0;0;3759,422307;0,030721;0;4,922575;642,0831;0,030721;0;558,328413;20,095152;745,732853;744,204094;0,284016;0,99795;1;0,970732;0,844204;0,24982
reserve_climb_2;10749,91786;108,899461;14,985615;14,954895;168,18842;3055,874186;29,828;163,265845;2738,030295;4011,466574;1,170603;0;0;0;0;3760,477956;0,030721;0;4,922575;643,828006;0,030721;0;558,328413;20,095152;745,732853;744,204094;0,284166;0,99795;1;0,970732;0,850547;0,251801
reserve_climb_2;10601,57702;107,464972;14,985897;14,955158;168,18842;3015,422573;29,828;163,265845;2702,78343;3962,894621;1,214767;0;0;0;0;3699,682035;0,030739;0;4,922575;635,737684;0,030739;0;557,056277;20,101168;745,52371;743,994481;0,284363;0,997949;1;0,970732;0,850283;0,252031
reserve_climb_2;10312,63793;104,670615;14,986456;14,95568;168,18842;2935,417853;29,828;163,265845;2633,076295;3867,741057;1,30072;0;0;0;0;3583,02092;0,030776;0;4,922575;619,73674;0,030776;0;554,580116;20,113098;745,10928;743,579119;0,284646;0,997946;1;0,970732;0,84974;0,252397
reserve_climb_2;10171,08552;103,262414;14,986733;14,955938;168,18842;2895,186984;29,828;163,265845;2598,056737;3821,378112;1,342488;0;0;0;0;3526,612354;0,030795;0;4,922575;611,690566;0,030795;0;553,376716;20,119013;744,903977;743,373355;0,284691;0,997945;1;0,970732;0,849468;0,2525
reserve_climb_3;10184,8537;111,010523;14,986733;14,955938;168,18842;2902,47053;29,828;163,265845;2618,873729;3834,226594;1,34258;0;0;0;0;3527,996514;0,030795;0;4,922575;613,147275;0,030795;0;553,376716;20,119013;744,903977;743,373355;0,284804;0,997945;1;0,970732;0,85424;0,253992
reserve_climb_3;10006,46998;109,079285;14,987099;14,95628;168,18842;2851,379405;29,828;163,265845;2574,204259;3775,927076;1,395963;0;0;0;0;3457,018824;0,030819;0;4,922575;602,92905;0,030819;0;551,838589;20,126828;744,63295;743,101718;0,28483;0,997944;1;0,970732;0,8539;0,254103
reserve_climb_3;9684,784174;105,62889;14,987823;14,956957;168,18842;2759,617947;29,828;163,265845;2493,678287;3670,785071;1,499022;0;0;0;0;3328,683024;0,030867;0;4,922575;584,576758;0,030867;0;548,868907;20,142284;744,097515;742,565078;0,284916;0,997941;1;0,970732;0,853157;0,254317
reserve_climb_3;9530,701787;103,97011;14,988182;14,957291;168,18842;2715,52219;29,828;163,265845;2454,943768;3620,219461;1,548739;0;0;0;0;3267,553507;0,03089;0;4,922575;575,757607;0,03089;0;547,436243;20,149926;743,833067;742,300035;0,284945;0,997939;1;0,970732;0,85277;0,254407
reserve_climb_4;9545,116186;112,774768;14,988182;14,957291;168,18842;2723,388064;29,828;163,265845;2475,768399;3634,527602;1,548863;0;0;0;0;3268,598425;0,03089;0;4,922575;577,330782;0,03089;0;547,436243;20,149926;743,833067;742,300035;0,285074;0,997939;1;0,970732;0,85766;0,255949
reserve_climb_4;9436,471629;111,505087;14,988445;14,957537;168,18842;2692,226787;29,828;163,265845;2448,293535;3598,722189;1,584103;0;0;0;0;3225,615637;0,030908;0;4,922575;571,098526;0,030908;0;546,420755;20,15555;743,638611;742,105141;0,285092;0,997938;1;0,970732;0,857398;0,256018
reserve_climb_4;9224,891776;109,035526;14,988968;14,958026;168,18842;2631,327647;29,828;163,265845;2394,571221;3528,641138;1,652821;0;0;0;0;3142,477696;0,030943;0;4,922575;558,918698;0,030943;0;544,440547;20,166705;743,253209;741,718871;0,285106;0,997936;1;0,970732;0,856859;0,256134
reserve_climb_4;9119,964909;107,814639;14,989228;14,958268;168,18842;2599,995781;29,828;163,265845;2366,976007;3493,574703;1,686264;0;0;0;0;3102,694801;0,03096;0;4,922575;552,652325;0,03096;0;543,476874;20,172237;743,062247;741,527479;0,28499;0,997935;1;0,970732;0,856588;0,256089
reserve_climb_5;9130,994345;114,808711;14,989228;14,958268;168,18842;2605,762774;29,828;163,265845;2381,342772;3504,833552;1,686376;0;0;0;0;3103,692353;0,03096;0;4,922575;553,805724;0,03096;0;543,476874;20,172237;743,062247;741,527479;0,285058;0,997935;1;0,970732;0,859992;0,257142
reserve_climb_5;9020,031106;113,434959;14,989512;14,958534;168,18842;2572,263783;29,828;163,265845;2351,767786;3467,579045;1,7218;0;0;0;0;3062,073438;0,030979;0;4,922575;547,105926;0,030979;0;542,456166;20,178309;742,852767;741,317527;0,284896;0,997933;1;0,970732;0,859712;0,257067
reserve_climb_5;8805,95696;110,774387;14,990077;14,959061;168,18842;2507,489097;29,828;163,265845;2294,544895;3395,537216;1,790469;0;0;0;0;2982,086565;0,031016;0;4,922575;534,150988;0,031016;0;540,477575;20,190343;742,437961;740,901785;0,284557;0,997931;1;0,970732;0,859137;0,256898
reserve_climb_5;8705,68166;109,52782;14,990357;14,959322;168,18842;2477,100712;29,828;163,265845;2267,654534;3361,815758;1,823766;0;0;0;0;2944,641244;0,031034;0;4,922575;528,073311;0,031034;0;539,518263;20,196305;742,232612;740,695974;0,284387;0,99793;1;0,970732;0,858841;0,256807
reserve_cruise;5228,865595;82,638015;14,990357;14,959322;168,18842;1185,15797;29,828;163,265845;1117,119962;1864,058165;1,823818;0;0;0;0;2230,635657;0,031034;0;4,922575;269,684763;0,031034;0;539,518263;20,196305;742,232612;740,695974;0,228746;0,99793;1;0,970732;0,828464;0,209729
reserve_cruise;5225,566086;82,605457;14,993351;14,962118;168,18842;1183,832019;29,828;163,265845;1115,885312;1862,696842;1,823818;0;0;0;0;2229,990864;0,031233;0;4,922575;269,419573;0,031233;0;539,518263;20,260099;740,043295;738,501714;0,22864;0,997917;1;0,970732;0,828362;0,209628
reserve_cruise;5218,982049;82,540402;14,998776;14,967185;168,18842;1181,188912;29,828;163,265845;1113,423884;1859,981304;1,823818;0;0;0;0;2228,700417;0,031592;0;4,922575;268,890951;0,031592;0;539,518263;20,375876;736,104624;734,554181;0,228428;0,997894;1;0,970732;0,82816;0,209427
reserve_cruise;5215,697567;82,507907;15,00122;14,969466;168,18842;1179,871747;29,828;163,265845;1112,197098;1858,627104;1,823818;0;0;0;0;2228,054804;0,031753;0;4,922575;268,627518;0,031753;0;539,518263;20,428586;734,324908;732,77055;0,228323;0,997883;1;0,970732;0,828059;0,209327
reserve_descent_3;2815,247182;52,593324;0,421994;0,421977;0;172,711373;29,828;0;45,085106;921,125275;1,823766;0;0;0;93,083992;1742,352092;0,000017;0,421977;0;34,542275;0,000017;0,421977;539,518263;0,574669;734,324908;734,295752;0,070624;0,99996;0;0;0,261043;0,015719
reserve_descent_3;2840,871562;53,118979;0,421994;0,421977;0;177,865132;29,828;0;48,092316;927,457758;1,789465;0;0;0;94,19979;1757,050185;0,000017;0,421977;0;35,573026;0,000017;0,421977;540,506519;0,574673;734,319395;734,290239;0,071767;0,99996;0;0;0,270386;0,016616
reserve_descent_3;2906,667218;54,544372;0,421994;0,421977;0;184,470187;29,828;0;50,412348;944,00238;1,720727;0;0;0;97,163801;1801,190296;0,000017;0,421977;0;36,894037;0,000017;0,421977;542,487081;0,574682;734,308373;734,279216;0,072368;0,99996;0;0;0,273282;0,017022
reserve_descent_3;2930,452437;54,959325;0,421994;0,421977;0;190,140181;29,828;0;53,836441;950,24355;1,686376;0;0;0;98,275703;1813,513655;0,000017;0,421977;0;38,028036;0,000017;0,421977;543,476874;0,574686;734,302863;734,273706;0,073681;0,99996;0;0;0,283141;0,018031
reserve_descent_4;2931,652724;51,675237;0,421994;0,421977;0;189,0385;29,828;0;57,104974;947,573665;1,686264;0;0;0;94,125826;1815,201531;0,000017;0,421977;0;37,8077;0,000017;0,421977;543,476874;0,574686;734,302863;734,273706;0,073363;0,99996;0;0;0,302081;0,019139
reserve_descent_4;2955,375691;52,06405;0,421994;0,421977;0;194,726487;29,828;0;60,544531;953,748169;1,651818;0;0;0;95,236658;1827,485267;0,000017;0,421977;0;38,945297;0,000017;0,421977;544,46944;0,574691;734,29708;734,267923;0,074666;0,99996;0;0;0,310921;0,020129
reserve_descent_4;2999,596609;52,84368;0,421994;0,421977;0;205,722443;29,828;0;66,982497;964,516253;1,583128;0;0;0;97,595457;1850,790465;0,000017;0,421977;0;41,144489;0,000017;0,421977;546,448837;0,5747;734,285518;734,25636;0,077168;0,99996;0;0;0,325596;0,021941
reserve_descent_4;3021,536868;53,233737;0,421994;0,421977;0;211,153342;29,828;0;70,098892;969,793809;1,548863;0;0;0;98,823782;1862,446591;0,000017;0,421977;0;42,230668;0,000017;0,421977;547,436243;0,574704;734,279738;734,25058;0,078374;0,99996;0;0;0,331981;0,022795
reserve_descent_5;3024,481772;49,167781;0,421994;0,421977;0;209,765154;29,828;0;73,794618;967,038158;1,548739;0;0;0;94,017505;1865,469502;0,000017;0,421977;0;41,953031;0,000017;0,421977;547,436243;0,574704;734,279738;734,25058;0,077951;0,99996;0;0;0,351796;0,024005
reserve_descent_5;3075,175559;50,061512;0,421994;0,421977;0;214,909469;29,828;0;75,540834;979,966239;1,496977;0;0;0;96,386741;1899,036387;0,000017;0,421977;0;42,981894;0,000017;0,421977;548,927842;0,574711;734,270508;734,24135;0,07831;0,99996;0;0;0,351501;0,024168
reserve_descent_5;3142,80663;51,050705;0,421994;0,421977;0;231,10088;29,828;0;84,578394;997,14086;1,393936;0;0;0;100,30231;1934,393659;0,000017;0,421977;0;46,220176;0,000017;0,421977;551,896996;0,574726;734,252058;734,222899;0,081697;0,99996;0;0;0,36598;0,026478
reserve_descent_5;3174,131914;51,544524;0,421994;0,421977;0;238,919498;29,828;0;88,742395;1004,52413;1,34258;0;0;0;102,393203;1951,062229;0,000017;0,421977;0;47,7839;0,000017;0,421977;553,376716;0,574733;734,242837;734,213678;0,083315;0,99996;0;0;0,371432;0,027508
reserve_descent_6;3177,61247;48,029418;0,421994;0,421977;0;237,806413;29,828;0;91,678213;1002,550406;1,342488;0;0;0;98,566918;1954,114582;0,000017;0,421977;0;47,561283;0,000017;0,421977;553,376716;0,574733;734,242837;734,213678;0,082971;0,99996;0;0;0,385516;0,028418
reserve_descent_6;3206,757919;48,478002;0,421994;0,421977;0;243,871411;29,828;0;94,678096;1009,406408;1,299435;0;0;0;100,419033;1970,830667;0,000017;0,421977;0;48,774282;0,000017;0,421977;554,617139;0,57474;734,234677;734,205517;0,08408;0,99996;0;0;0,38823;0,029081
reserve_descent_6;3264,198933;49,277155;0,421994;0,421977;0;256,021062;29,828;0;100,570121;1023,598322;1,213498;0;0;0;104,246728;2002,815206;0,000017;0,421977;0;51,204212;0,000017;0,421977;557,092836;0,574752;734,218364;734,189204;0,086269;0,99996;0;0;0,39282;0,030348
reserve_descent_6;3292,921129;49,664925;0,421994;0,421977;0;262,434325;29,828;0;103,777456;1030,769429;1,170603;0;0;0;106,170004;2018,383697;0,000017;0,421977;0;52,486865;0,000017;0,421977;558,328413;0,574759;734,210211;734,181051;0,087436;0,99996;0;0;0,395442;0,031043
reserve_descent_7;4218,88964;28,080271;0,421994;0,421977;0;577,461204;29,828;0;414,518669;1321,827815;1,170137;0;0;0;47,450294;2316,682755;0,000017;0,421977;0;115,492241;0,000017;0,421977;558,328413;0,574759;734,210211;734,181051;0,142994;0,99996;0;0;0,717829;0,097594
reserve_descent_7;4240,833689;28,242661;0,421994;0,421977;0;577,403022;29,828;0;413,258474;1326,568884;1,144347;0;0;0;48,663944;2334,132097;0,000017;0,421977;0;115,480604;0,000017;0,421977;559,07127;0,574765;734,202596;734,173435;0,142239;0,99996;0;0;0,715719;0,096793
reserve_descent_7;4289,716177;28,593635;0,421994;0,421977;0;577,773083;29,828;0;411,115624;1337,7375;1,09276;0;0;0;51,102843;2371,878468;0,000017;0,421977;0;115,554617;0,000017;0,421977;560,557063;0,574777;734,187371;734,158209;0,140703;0,99996;0;0;0,711552;0,095194
reserve_descent_7;4323,488437;28,817826;0,421994;0,421977;0;578,197797;29,828;0;410,230259;1346,524577;1,066963;0;0;0;52,327979;2396,688927;0,000017;0,421977;0;115,639559;0,000017;0,421977;561,3;0,574783;734,179762;734,1506;0,139702;0,99996;0;0;0,709498;0,094247
hold;7156,630848;148,611304;15,001417;14,96965;168,18842;1722,662793;29,828;163,265845;1585,584828;2557,746523;1,171794;0;0;0;0;2993,833042;0,031766;0;4,922575;377,185728;0,031766;0;558,328413;20,432893;734,179762;732,625094;0,239895;0,997882;1;0,970732;0,840745;0,216603
hold;7151,165206;148,548142;15,005474;14,973439;168,18842;1720,455129;29,828;163,265845;1583,506007;2555,445401;1,171794;0;0;0;0;2992,813024;0,032035;0;4,922575;376,744195;0,032035;0;558,328413;20,525026;731,081839;729,521068;0,239774;0,997865;1;0,970732;0,840627;0,216482
hold;7140,302979;148,422352;15,00776;14,975552;168,18842;1716,073539;29,828;163,265845;1579,379622;2550,8744;1,171794;0;0;0;0;2990,777598;0,032208;0;4,922575;375,867877;0,032208;0;558,328413;20,700014;725,01205;723,456121;0,239535;0,997854;1;0,970732;0,840391;0,216243
hold;7134,907262;148,359736;15,001729;14,969942;168,18842;1713,89992;29,828;163,265845;1577,332351;2548,60487;1,171794;0;0;0;0;2989,762414;0,031787;0;4,922575;375,433153;0,031787;0;558,328413;20,924388;716,949464;715,430327;0,239416;0,997881;1;0,970732;0,840273;0,216124
