;segment;time;altitude_m;mach_number;velocity_m_s;pressure_Pa;density_kg_m3;temperature_C;lift_coefficient;drag_coefficient;angle_of_attack_rad;flight_path_angle_rad;mass_kg;mass_flow_kg_s;CG_m;CG_percent;combustion_engine_throttle;battery_energy;battery_voltage;battery_voltage_under_load;battery_voltage_open_circuit;state_of_charge;rpm;etap;propeller_rpm;propeller_torque;propeller_motor_torque;propeller_power_coefficient;power_turboshaft;propeller_tip_mach;motor_torque;gas_turbine_p3;gas_turbine_t3;gas_turbine_far;disc_loading;power_loading;thrust_propeller;co_emissions_index;co2_emissions_index;nox_emissions_index;co_emissions_total;co2_emissions_total;nox_emissions_total;l_over_d;weight;lift;drag;electric_throttle;power
0;climb_1;0;0;0,241882353;82,31111111;101325;1,225;288,15;0,756094683;0,085047974;0,079876189;0,164174214;17996,64888;0,283841768;9,539930941;20,27955645;0,9;0;0;0;0;0;1200;0,83;1200;11996,96056;11996,96056;0,164093836;3015165,052;0,725634861;11996,96056;15,08436471;694,6515255;0,02;131,8671307;0,04568362;34435,91357;2,004457516;3160;17,02247968;0;0;0;8,890213888;176547,1255;173059,3505;19466,27524;0;3015165,052
1;climb_1;16,69432793;114,9846949;0,242196655;82,31111111;99951,29941;1,21153463;287,402613;0,764274321;0,085556681;0,081084245;0,164936937;17991,93253;0,28182009;9,539677848;20,26854635;0,9;0;0;0;0;0;1200;0,83;1200;11930,60537;11930,60537;0,164999935;2998488,176;0,726577751;11930,60537;14,9630393;693,9173587;0,02;131,182696;0,045699269;34257,17959;1,998542399;3160;16,93964069;0,009442411;14,90366279;0,080045565;8,932958949;176500,8581;173008,6817;19367,45514;0;2998488,176
2;climb_1;50,08298378;344,2505818;0,242826976;82,31111111;97257,44782;1,185025888;285,9124921;0,780529553;0,086583244;0,083485778;0,166347602;17982,58565;0,27773371;9,539175874;20,24670942;0,9;0;0;0;0;0;1200;0,83;1200;11791,22294;11791,22294;0,166720167;2963457,55;0,728468682;11791,22294;14,71543532;692,416594;0,02;129,7508797;0,045734785;33883,27367;1,986860039;3160;16,76891521;0,02806533;44,43979571;0,237632317;9,014787573;176409,1652;172822,3816;19170,98769;0;2963457,55
3;climb_1;66,77731171;457,2;0,243139306;82,31111111;95952,1631;1,172131188;285,1784132;0,788589972;0,087084737;0,084677082;0,16631417;17977,97163;0,274948865;9,538927886;20,2359214;0,9;0;0;0;0;0;1200;0,83;1200;11677,02002;11677,02002;0,16692175;2934755,224;0,729405656;11677,02002;14,56582123;691,3557384;0,02;128,5413762;0,045751581;33567,42272;1,98233454;3160;16,65861194;0,037221983;59,02009871;0,314757092;9,055432623;176363,9017;172707,1304;19072,21196;0;2934755,224
4;climb_2;66,77731171;457,2;0,25377665;85,91222222;95952,1631;1,172131188;285,1784132;0,721600717;0,051959272;0,074504523;0,196241081;17977,97163;0,275247559;9,538927886;20,2359214;0,9;0;0;0;0;0;1200;0,875;1200;11707,47498;11707,47498;0,1673571;2942409,391;0,729405656;11707,47498;14,5886863;691,6457921;0,02;129,8042507;0,04608089;33897,21103;1,98109461;3160;16,68061436;0,037221983;59,02009871;0,314757092;13,88781411;176363,9017;172166,6192;12396,95591;0;2942409,391
5;climb_2;85,68785301;650,9074813;0,254338642;85,91222222;93746,75677;1,150268109;283,9195336;0,735690887;0,052871634;0,076576799;0,195687891;17972,82421;0,270998226;9,538651079;20,22387972;0,9;0;0;0;0;0;1200;0,875;1200;11537,06972;11537,06972;0,168055822;2899581,878;0,731020935;11537,06972;14,34594134;690,0266708;0,02;127,9662992;0,0460994;33417,24653;1,972585962;3160;16,50420478;0,047402076;75,28593301;0,400012271;13,91466153;176313,4055;172254,3623;12379,3426;0;2899581,878
6;climb_2;123,5089356;1032,743204;0,255457359;85,91222222;89520,00577;1,108090085;281,4382572;0,763127373;0,054741113;0,080613677;0,196728784;17962,68281;0,264980702;9,538105252;20,20013507;0,9;0;0;0;0;0;1200;0,875;1200;11329,80702;11329,80702;0,17131862;2847491,079;0,734236356;11329,80702;13,95729372;687,8450345;0,02;125,8140676;0,046153206;32855,21064;1,953373088;3160;16,234472;0,067308295;107,3327808;0,566073256;13,94066239;176213,9183;172126,554;12347,08576;0;2847491,079
7;climb_2;142,4194769;1219,2;0,25600899;85,91222222;87513,02812;1,087930805;280,2267163;0,776591245;0,055664614;0,082595771;0,196436614;17957,70608;0,261287099;9,537837171;20,18847298;0,9;0;0;0;0;0;1200;0,875;1200;11176,78221;11176,78221;0,17213637;2809031,75;0,735821854;11176,78221;13,73908525;686,5270274;0,02;124,2043561;0,046186518;32434,84898;1,944408593;3160;16,07716068;0,077007273;123,0592286;0,646483883;13,95125535;176165,0967;171976,6708;12326,96747;0;2809031,75
8;climb_3;142,4194769;1219,2;0,265206918;88,99888889;87513,02812;1,087930805;280,2267163;0,725737762;0,052032051;0,074859276;0,183081292;17957,70608;0,261527049;9,537837171;20,18847298;0,9;0;0;0;0;0;1200;0,875;1200;11201,37016;11201,37016;0,172515055;2815211,377;0,735821854;11201,37016;13,7580943;686,759735;0,02;120,5005247;0,044710855;31467,62676;1,943216257;3160;16,09591308;0,077007273;123,0592286;0,646483883;13,9478984;176165,0967;172470,9806;12365,37403;0;2815211,377
9;climb_3;167,4658665;1457,556527;0,265942799;88,99888889;85000,79537;1,062571902;278,6780496;0,742773636;0,053144756;0,077356955;0,182584021;17951,21008;0,256436742;9,537487027;20,17324099;0,9;0;0;0;0;0;1200;0,875;1200;10994,29008;10994,29008;0,173366822;2763166,475;0,737863572;10994,29008;13,47287826;684,8100771;0,02;118,3631102;0,044744984;30909,46023;1,935684696;3160;15,8785525;0,089589675;143,586603;0,750427692;13,97642394;176101,3709;172404,9954;12335,41542;0;2763166,475
10;climb_3;217,5586457;1912,80604;0,267365332;88,99888889;80365,32991;1,015401467;275,7204925;0,777022141;0,055457034;0,082382898;0,182329686;17938,6008;0,247750835;9,536806646;20,14364296;0,9;0;0;0;0;0;1200;0,875;1200;10635,66077;10635,66077;0,175502705;2673033,099;0,741810418;10635,66077;12,96388819;681,4954924;0,02;114,6694935;0,044810377;29944,90547;1,920767139;3160;15,49106582;0,113919647;183,4319155;0,948044742;14,01124595;175977,6739;172347,9881;12300,68965;0;2673033,099
11;climb_3;242,6050352;2133,6;0,268063451;88,99888889;78192,31283;0,993111781;274,2862429;0,794353404;0,056688402;0,08492862;0,183555165;17932,43112;0,245096962;9,536473389;20,12914557;0,9;0;0;0;0;0;1200;0,875;1200;10540,70486;10540,70486;0,17783967;2649168,076;0,743747362;10540,70486;12,77293325;680,6752518;0,02;113,7671902;0,044858274;29709,27711;1,907584236;3160;15,36270028;0,125731534;202,9281001;1,043200282;14,01262645;175917,1493;172324,4624;12297,79892;0;2649168,076
12;climb_4;242,6050352;2133,6;0,278909949;92,6;78192,31283;0,993111781;274,2862429;0,735066359;0,05243743;0,075907061;0,168967714;17932,43112;0,245399969;9,536473389;20,12914557;0,9;0;0;0;0;0;1200;0,875;1200;10569,69978;10569,69978;0,178328864;2656455,294;0,743747362;10569,69978;12,79571089;680,9576223;0,02;110,0109241;0,04325819;28728,36204;1,905733208;3160;15,38633879;0,125731534;202,9281001;1,043200282;14,01797067;175917,1493;172628,5101;12314,80034;0;2656455,294
13;climb_4;261,0605885;2290,83916;0,279430685;92,6;76674,08469;0,977468684;273,2648977;0,74664547;0,053197295;0,077598621;0,168744943;17927,93131;0,242184941;9,536230186;20,1185657;0,9;0;0;0;0;0;1200;0,875;1200;10433,18742;10433,18742;0,178842726;2622145,995;0,745135967;10433,18742;12,61772479;679,6694504;0,02;108,649589;0,043281895;28372,86165;1,903211371;3160;15,24242251;0,134301593;217,1475117;1,112115306;14,03540287;175873,0061;172585,8271;12296,46407;0;2622145,995
14;climb_4;297,971695;2595,491028;0,280447895;92,6;73800,63477;0,947699234;271,2861785;0,769769948;0,054744846;0,080978752;0,168392525;17919,10676;0,236072434;9,535752887;20,09780218;0,9;0;0;0;0;0;1200;0,875;1200;10168,71599;10168,71599;0,179784693;2555677,075;0,747848483;10168,71599;12,27566302;677,2214657;0,02;106,0285033;0,043336287;27688,38871;1,898460456;3160;14,96412534;0,15107509;245,0330902;1,245386494;14,06104873;175786,4373;172512,0051;12268,78652;0;2555677,075
15;climb_4;316,4272483;2743,2;0,280945065;92,6;72439,29491;0,93351885;270,3268742;0,781310447;0,055534049;0,082666636;0,168345091;17914,77616;0,233254435;9,535518483;20,08760512;0,9;0;0;0;0;0;1200;0,875;1200;10047,77576;10047,77576;0,180344942;2525281,482;0,749174246;10047,77576;12,11515669;676,0759481;0,02;104,8241336;0,043359726;27373,87842;1,89641089;3160;14,83239186;0,15929205;258,7177838;1,30990353;14,06903437;175743,9541;172478,3403;12259,42988;0;2525281,482
16;climb_5;316,4272483;2743,2;0,289685578;95,48088889;72439,29491;0,93351885;270,3268742;0,736231576;0,052340785;0,075806261;0,157418706;17914,77616;0,233448682;9,535518483;20,08760512;0,9;0;0;0;0;0;1200;0,875;1200;10067,80307;10067,80307;0,180704407;2530314,893;0,749174246;10067,80307;12,13113934;676,2842221;0,02;102,1325186;0,042162321;26670,98739;1,894711597;3160;14,84994181;0,15929205;258,7177838;1,30990353;14,06611633;175743,9541;172797,043;12284,6306;0;2530314,893
17;climb_5;336,7744738;2900,073095;0,29023299;95,48088889;71015,90103;0,91863774;269,3081017;0,747923592;0,053113466;0,077508797;0,15756308;17910,05333;0,2307303;9,53526272;20,07647886;0,9;0;0;0;0;0;1200;0,875;1200;9951,128784;9951,128784;0,181503577;2500991,447;0,750589944;9951,128784;11,97034756;675,1647494;0,02;101,0152168;0,042190011;26379,21409;1,892167122;3160;14,71861049;0,168231915;273,641927;1,379732003;14,08161888;175697,6232;172742,9336;12267,26381;0;2500991,447
18;climb_5;377,4689249;3204,831141;0,291305303;95,48088889;68315,58861;0,890249473;267,3290712;0,771301126;0,054689184;0,080914773;0,157904101;17900,77276;0,225438137;9,53475974;20,05459816;0,9;0;0;0;0;0;1200;0,875;1200;9724,485425;9724,485425;0,18302568;2444029,758;0,75336312;9724,485425;11,66170631;672,9786966;0,02;98,84933121;0,042247624;25813,61258;1,888332153;3160;14,46261672;0,185775637;302,9685396;1,515133485;14,10335782;175606,5807;172637,2325;12240,86028;0;2444029,758
19;climb_5;397,8161505;3352,8;0,291830209;95,48088889;67034,92642;0,876711612;266,3682628;0,782976263;0,055491685;0,082616739;0,158106348;17896,21145;0,222923476;9,534512339;20,0438357;0,9;0;0;0;0;0;1200;0,875;1200;9614,453286;9614,453286;0,18374899;2416375,665;0,754720613;9614,453286;11,51421594;671,9673892;0,02;97,80458954;0,042279498;25540,7877;1,88589498;3160;14,34090972;0,19438349;317,3822756;1,580823208;14,10979442;175561,8343;172585,4303;12231,60487;0;2416375,665
20;climb_6;397,8161505;3352,8;0,300949903;98,46466667;67034,92642;0,876711612;266,3682628;0,737436022;0,052280674;0,075685553;0,147418056;17896,21145;0,223163676;9,534512339;20,0438357;0,9;0;0;0;0;0;1200;0,875;1200;9636,437681;9636,437681;0,18416915;2421900,946;0,754720613;9636,437681;11,5311226;672,2049564;0,02;95,3191813;0,041111088;24891,74573;1,883566147;3160;14,36072039;0,19438349;317,3822756;1,580823208;14,10532737;175561,8343;172865,2924;12255,31942;0;2421900,946
21;climb_6;420,3485087;3510,13312;0,301528664;98,46466667;65694,67611;0,862491032;265,3466983;0,749343586;0,053067256;0,077413382;0,147635312;17891,21374;0,220449752;9,534241124;20,03203726;0,9;0;0;0;0;0;1200;0,875;1200;9520,152465;9520,152465;0,184946638;2392675,284;0,756172026;9520,152465;11,37487192;671,0751628;0,02;94,23488647;0,041139877;24608,5919;1,882247518;3160;14,22842814;0,20379745;333,1750213;1,652250205;14,12063931;175512,8068;172807,3779;12237,92875;0;2392675,284
22;climb_6;465,4132252;3814,894131;0,302659229;98,46466667;63160,45027;0,835449622;263,3680274;0,773085842;0,054667576;0,080860275;0,148122279;17881,39723;0,215269355;9,533707961;20,00884352;0,9;0;0;0;0;0;1200;0,875;1200;9294,935595;9294,935595;0,186416025;2336072,11;0,759007252;9294,935595;11,07719585;668,9652849;0,02;92,14249347;0,041201095;24062,18231;1,878946256;3160;13,97657696;0,222255497;364,1951901;1,790689972;14,1415789;175416,5069;172692,9803;12211,71847;0;2336072,11
23;climb_6;487,9455834;3962,4;0,303210976;98,46466667;61962,71662;0,822597704;262,4104086;0,78490781;0,055480256;0,082577525;0,148386206;17876,57462;0,212805964;9,533445816;19,99743967;0,9;0;0;0;0;0;1200;0,875;1200;9185,945122;9185,945122;0,187108483;2308679,817;0,76039092;9185,945122;10,93415457;667,8952215;0,02;91,13055536;0,04123209;23797,92379;1,878665046;3160;13,85196426;0,231315876;379,4346519;1,8577933;14,14751607;175369,197;172636,5869;12202,60759;0;2308679,817
24;climb_7;487,9455834;3962,4;0,31287444;101,6027778;61962,71662;0,822597704;262,4104086;0,738274527;0,052208401;0,075478995;0,137890321;17876,57462;0,213193076;9,533445816;19,99743967;0,9;0;0;0;0;0;1200;0,875;1200;9219,15824;9219,15824;0,187785001;2317027,184;0,76039092;9219,15824;10,95955567;668,2763761;0,02;88,89171129;0,04007423;23213,26982;1,874390628;3160;13,88347775;0,231315876;379,4346519;1,8577933;14,14091425;175369,197;172894,9897;12226,57791;0;2317027,184
25;climb_7;513,1642308;4120,372508;0,313487606;101,6027778;60700,5185;0,8090028;261,3848887;0,750400954;0,05300902;0,077231659;0,138182725;17871,23056;0,2105823;9,533155161;19,98479558;0,9;0;0;0;0;0;1200;0,875;1200;9102,51062;9102,51062;0,188524716;2287710,439;0,761881122;9102,51062;10,81010317;667,1163735;0,02;87,84133175;0,040108175;22938,97266;1,875025228;3160;13,75077649;0,241335384;396,3218815;1,931640893;14,15609923;175316,7718;172830,5186;12208,90839;0;2287710,439
26;climb_7;563,6015256;4425,097099;0,314680555;101,6027778;58324,75358;0,783266588;259,406833;0,774505859;0,054632771;0,080717381;0,1387832;17860,73817;0,205540914;9,532583992;19,95994849;0,9;0;0;0;0;0;1200;0,875;1200;8877,53554;8877,53554;0,18990655;2231168,035;0,764780393;8877,53554;10,51770967;664,9003389;0,02;85,80112443;0,040169437;22406,1909;1,875149399;3160;13,49204526;0,261010101;429,4778327;2,074550936;14,17658016;175213,8415;172707,5566;12182,59655;0;2231168,035
27;climb_7;588,820173;4572;0,315260503;101,6027778;57206,73029;0,771086546;258,4533111;0,786470322;0,055455273;0,082448439;0,139116033;17855,58482;0,203169662;9,532303215;19,94773411;0,9;0;0;0;0;0;1200;0,875;1200;8769,095269;8769,095269;0,190549927;2203914,022;0,766189861;8769,095269;10,3802108;663,8690429;0,02;84,8282077;0,040205057;22152,12246;1,874959872;3160;13,37015533;0,270672997;445,7624332;2,143764496;14,18206557;175163,287;172648,3752;12173,71153;0;2203914,022
28;climb_8;588,820173;4572;0,325316914;104,8437778;57206,73029;0,771086546;258,4533111;0,739593951;0,052178407;0,075311771;0,128859041;17855,58482;0,203611547;9,532303215;19,94773411;0,9;0;0;0;0;0;1200;0,875;1200;8803,658939;8803,658939;0,191300986;2212600,82;0,766189861;8803,658939;10,40765044;664,2760402;0,02;82,77695811;0,03907882;21616,4571;1,870216065;3160;13,40450641;0,270672997;445,7624332;2,143764496;14,17432984;175163,287;172881,1594;12196,77836;0;2212600,82
29;climb_8;617,4663231;4730,707735;0,325967152;104,8437778;56018,48803;0,758091753;257,4232155;0,751971729;0,052995149;0,077093094;0,129199597;17849,78765;0,200988481;9,531987167;19,93398534;0,9;0;0;0;0;0;1200;0,875;1200;8686,586031;8686,586031;0,191992595;2183177,189;0,76772131;8686,586031;10,26425961;663,1299351;0,02;81,74029335;0,039109499;21345,74143;1,871638495;3160;13,27351315;0,281520512;464,081482;2,221107511;14,18944446;175106,4168;172812,2306;12178,92857;0;2183177,189
30;climb_8;674,7586234;5035,146082;0,32722536;104,8437778;53795,25816;0,73363597;255,4473961;0,77646815;0,054647254;0,080620197;0,130003178;17838,41727;0,196096946;9,531366684;19,906993;0,9;0;0;0;0;0;1200;0,875;1200;8465,233289;8465,233289;0,193337207;2127545,177;0,770684653;8465,233289;9,983712396;660,9917136;0,02;79,81451577;0,03918665;20842,84196;1,871868002;3160;13,02095444;0,302805404;500,0118781;2,370574095;14,20873139;174994,8734;172685,333;12153,46594;0;2127545,177
31;climb_8;703,4047735;5181,6;0,327835806;104,8437778;52751,5767;0,722089331;254,4969704;0,788607486;0,055485997;0,082368966;0,130571158;17832,83029;0,194011718;9,531061512;19,89371736;0,9;0;0;0;0;0;1200;0,875;1200;8370,735105;8370,735105;0,194236031;2103795,193;0,772122384;8370,735105;9,855414144;660,0491524;0,02;78,99324777;0,039221261;20628,37522;1,871029031;3160;12,90661703;0,313261461;517,6667409;2,442999117;14,21272982;174940,0651;172624,7308;12145,7829;0;2103795,193
32;cruise;703,4047735;5181,6;0,455238141;145,5877778;52751,5767;0,722089331;254,4969704;0,412775956;0,034183916;0,025428195;0,025428195;17832,83029;0,188933451;9,531061512;19,89371736;0,853868934;0;0;0;0;0;1200;0,83;1200;8263,426639;8263,426639;0,191746026;2076825,634;0,772122384;8263,426639;9,84784282;658,4042092;0,02;55,27055329;0,027798977;14433,40721;1,911362503;3160;12,81961087;0,313261461;517,6667409;2,442999117;12,07515123;174940,0651;174229,2319;14428,74119;0;1689579,158
33;cruise;1123,848706;5181,6;0,455238141;145,5877778;52751,5767;0,722089331;254,4969704;0,410944931;0,034120377;0,025176309;0,025176309;17753,45182;0,188660437;9,526704948;19,70419754;0,852608475;0;0;0;0;0;1200;0,83;1200;8248,986071;8248,986071;0,191410945;2073196,323;0,772122384;8248,986071;9,838479411;658,2133397;0,02;55,16746726;0,027795703;14406,48722;1,914494797;3160;12,80503911;0,465106819;768,5027148;3,460021477;12,04397408;174161,3623;173456,3718;14401,92171;0;1686657,864
34;cruise;1964,736572;5181,6;0,455238141;145,5877778;52751,5767;0,722089331;254,4969704;0,407290669;0,033994412;0,024673633;0,024673633;17595,03759;0,188119066;9,517893129;19,3208646;0,850109791;0;0;0;0;0;1200;0,83;1200;8220,359657;8220,359657;0,190746692;2066001,721;0,772122384;8220,359657;9,819917757;657,8349676;0,02;54,96311356;0,027789177;14353,12209;1,920742985;3160;12,77612825;0,768884984;1269,09166;5,486228891;11,98110632;172607,3188;171913,939;14348,75331;0;1680859,673
35;cruise;2675,180504;5181,6;0,455238141;145,5877778;52751,5767;0,722089331;254,4969704;0,405467403;0,033931984;0,024422839;0,024422839;17516,00054;0,187850698;9,51343708;19,12701695;0,848871497;0;0;0;0;0;1200;0,83;1200;8206,173027;8206,173027;0,190417503;2062436,232;0,772122384;8206,173027;9,810719004;657,6474545;0,02;54,86184029;0,027785927;14326,67549;1,923858605;3160;12,76178883;0,920817974;1518,848735;6,495449314;11,94941621;171831,9653;171144,354;14322,40295;0;1677982,278
36;descent_5;2675,180504;5181,6;0,327835806;104,8437778;52751,5767;0,722089331;254,4969704;0,781632996;0,052666246;0,081353128;0,018620449;17516,00054;0,059612765;9,51343708;19,12701695;0,15;0;0;0;0;0;1200;0,4;1200;468,0569158;468,0569158;0,010860876;117635,5334;0,772122384;468,0569158;4,162783581;529,6035147;0,01;2,986460178;0,026518762;779,8871788;6,659404902;3160;6,028860052;0,920817974;1518,848735;6,495449314;14,84125147;171831,9653;171098,0278;11528,54448;0;117635,5334
37;descent_5;2698,358991;5029,467428;0,327201758;104,8437778;53836,06136;0,73408652;255,4842491;0,768803557;0,05180101;0,079505029;0,016768607;17514,60479;0,060210514;9,513358027;19,12357799;0,15;0;0;0;0;0;1200;0,4;1200;468,0569158;468,0569158;0,010683377;117635,5334;0,770629067;468,0569158;4,212632437;530,3291726;0,01;2,981018701;0,026470444;778,466186;6,669607915;3160;6,037738098;0,930101009;1523,259312;6,503869887;14,84147798;171818,273;171085,7443;11527,54088;0;117635,5334
38;descent_5;2744,715964;4724,396756;0,325941222;104,8437778;56065,35231;0,758605255;257,4641761;0,743947942;0,050160613;0,075926554;0,013117514;17511,79261;0,061428333;9,513198712;19,11664744;0,15;0;0;0;0;0;1200;0,4;1200;468,0569158;468,0569158;0,010338081;117635,5334;0,767660238;468,0569158;4,312595186;531,9283832;0,01;2,965035991;0,026328522;774,2924452;6,672238228;3160;6,053265796;0,948886067;1532,145813;6,520872312;14,83131691;171790,6855;171084,0741;11535,3259;0;117635,5334
39;descent_5;2767,89445;4572;0,325316914;104,8437778;57206,73029;0,771086546;258,4533111;0,731948332;0,049389505;0,074199863;0,011521916;17510,35451;0,062738178;9,513117221;19,11310243;0,15;0;0;0;0;0;1200;0,4;1200;497,0614795;497,0614795;0,010801004;124925,1754;0,766189861;497,0614795;4,391465307;533,559153;0,01;3,088864669;0,025827594;806,6291892;6,634557001;3160;6,05886008;0,958457117;1536,690188;6,52958169;14,81991647;171776,5778;171093,9849;11544,86837;0;124925,1754
40;descent_6;2767,89445;4572;0,315260503;101,6027778;57206,73029;0,771086546;258,4533111;0,77935896;0,052458726;0,081409127;0,019009121;17510,35451;0,06255473;9,513117221;19,11310243;0,15;0;0;0;0;0;1200;0,4;1200;485,5402563;485,5402563;0,010550651;122029,5762;0,766189861;485,5402563;4,378966625;533,098713;0,01;3,162061698;0,02706701;825,7439342;6,660437914;3160;6,06238943;0,958457117;1536,690188;6,52958169;14,85661256;171776,5778;171087,2673;11515,90018;0;122029,5762
41;descent_6;2792,125717;4418,552355;0,314654792;101,6027778;58374,97299;0,783812644;259,4493148;0,766700008;0,051612694;0,079577806;0,017444897;17508,82676;0,064139053;9,513030636;19,10933576;0,15;0;0;0;0;0;1200;0,4;1200;525,7336739;525,7336739;0,01123856;132131,2838;0,764717779;525,7336739;4,470064065;535,0372981;0,01;3,343657789;0,026433289;873,1661178;6,607727285;3160;6,070407023;0,968623903;1541,517905;6,538843423;14,85487299;171761,5905;171086,1147;11517,17116;0;132131,2838
42;descent_6;2840,588252;4114,208046;0,313463612;101,6027778;60749,37768;0,809530047;261,424906;0,74221592;0,050011007;0,076037539;0,014349464;17505,63865;0,067074767;9,512849901;19,10147341;0,15;0;0;0;0;0;1200;0,4;1200;598,0475859;598,0475859;0,012378268;150305,7522;0,761822808;598,0475859;4,646075997;538,576452;0,01;3,672221379;0,025520448;958,9675403;6,513179916;3160;6,101430251;0,989503006;1551,592317;6,558246719;14,84105115;171730,3152;171056,771;11525,92018;0;150305,7522
43;descent_6;2864,819519;3962,4;0,31287444;101,6027778;61962,71662;0,822597704;262,4104086;0,730308549;0,049243899;0,074316591;0,012572762;17504,00419;0,067741475;9,512757217;19,09744146;0,15;0;0;0;0;0;1200;0,4;1200;597,3725952;597,3725952;0,01216788;150136,1085;0,76039092;597,3725952;4,69512428;539,2698023;0,01;3,661570296;0,02547518;956,1861058;6,51302565;3160;6,116787911;1,000144361;1556,757219;6,568231822;14,83043707;171714,2811;171029,4537;11532,32726;0;150136,1085
44;descent_7;2864,819519;3962,4;0,303210976;98,46466667;61962,71662;0,822597704;262,4104086;0,777619663;0,05230113;0,081509034;0,020080628;17504,00419;0,067578483;9,512757217;19,09744146;0,15;0;0;0;0;0;1200;0,4;1200;586,3015558;586,3015558;0,011942374;147353,6528;0,76039092;586,3015558;4,682699827;538,8785701;0,01;3,759755022;0,026652238;981,8261626;6,534518827;3160;6,116043099;1,000144361;1556,757219;6,568231822;14,86812343;171714,2811;171033,595;11503,37471;0;147353,6528
45;descent_7;2890,098885;3809,556183;0,302639319;98,46466667;63204,14382;0,835917581;263,4026825;0,765234065;0,051468888;0,0797102;0,018260345;17502,28662;0,068257997;9,512659802;19,0932037;0,15;0;0;0;0;0;1200;0,4;1200;585,6466309;585,6466309;0,011738952;147189,0523;0,75895732;585,6466309;4,737652872;539,5886078;0,01;3,748133146;0,026599566;978,7912144;6,540197442;3160;6,13435912;1,011357505;1562,184738;6,578755653;14,86789574;171697,4317;171034,7873;11503,63106;0;147189,0523
46;descent_7;2940,657618;3504,427762;0,301507618;98,46466667;65742,89411;0,863003595;265,3837423;0,741221855;0,04989771;0,076224701;0,015101157;17498,77939;0,070802374;9,512460823;19,08454771;0,15;0;0;0;0;0;1200;0,4;1200;640,1961106;640,1961106;0,012429611;160898,8318;0,756119248;640,1961106;4,907147581;542,602867;0,01;4,00493142;0,026000233;1045,851771;6,467486344;3160;6,185019834;1,034217959;1573,267577;6,600350609;14,8548272;171663,0258;171035,9951;11513,83269;0;160898,8318
47;descent_7;2965,936984;3352,8;0,300949903;98,46466667;67034,92642;0,876711612;266,3682628;0,729632034;0,049159668;0,074543249;0,013781138;17496,96534;0,072798217;9,512357874;19,0800692;0,15;0;0;0;0;0;1200;0,4;1200;697,1888248;697,1888248;0,013324496;175222,6632;0,754720613;697,1888248;5,018666419;545,019784;0,01;4,282081056;0,025526992;1118,226902;6,369769092;3160;6,220876068;1,045866891;1578,999974;6,611602297;14,84208631;171645,23;171035,9286;11523,71204;0;175222,6632
48;descent_8;2965,936984;3352,8;0,291830209;95,48088889;67034,92642;0,876711612;266,3682628;0,775732998;0,052135225;0,081551847;0,021136782;17496,96534;0,072677972;9,512357874;19,0800692;0,15;0;0;0;0;0;1200;0,4;1200;687,8290261;687,8290261;0,013145614;172870,2892;0,754720613;687,8290261;5,007600567;544,6636009;0,01;4,389818604;0,026525358;1146,361593;6,39131769;3160;6,217822201;1,045866891;1578,999974;6,611602297;14,87924908;171645,23;170988,8532;11491,76631;0;172870,2892
49;descent_8;2992,415186;3199,680764;0,291287083;95,48088889;68360,52007;0,890723561;267,362515;0,763567771;0,051319101;0,079778807;0,019336472;17495,04478;0,073331461;9,512248857;19,07532673;0,15;0;0;0;0;0;1200;0,4;1200;687,2067885;687,2067885;0,012927115;172713,9039;0,753316001;687,2067885;5,064863466;545,3610424;0,01;4,377166097;0,026472854;1143,057504;6,394039548;3160;6,241536312;1,058211275;1585,068936;6,623547492;14,87882197;171626,3893;170997,3203;11492,66525;0;172713,9039
50;descent_8;3045,37159;2895,209737;0,290215973;95,48088889;71059,68495;0,919096327;269,3396848;0,739905899;0,049772898;0,076331947;0,016182716;17491,09084;0,075821448;9,512024343;19,0655599;0,15;0;0;0;0;0;1200;0,4;1200;735,3774763;735,3774763;0,013406222;184820,5182;0,750545935;735,3774763;5,230829107;548,2156801;0,01;4,607493653;0,026040517;1203,205471;6,311832803;3160;6,310270594;1,083304919;1597,563405;6,648371718;14,8656384;171587,6011;170976,4499;11501,45357;0;184820,5182
51;descent_8;3071,849792;2743,2;0,289685578;95,48088889;72439,29491;0,93351885;270,3268742;0,728355797;0,049030634;0,074650246;0,014452027;17489,07138;0,076671734;9,511909635;19,06056985;0,15;0;0;0;0;0;1200;0,4;1200;735,3774763;735,3774763;0,013199101;184820,5182;0,749174246;735,3774763;5,285635224;549,0101891;0,01;4,601476785;0,026006511;1201,63422;6,297590526;3160;6,335140592;1,096034086;1603,944877;6,661141161;14,85511676;171567,7903;170948,5605;11507,72244;0;184820,5182
52;descent_9;3071,849792;2743,2;0,280945065;92,6;72439,29491;0,93351885;270,3268742;0,774451744;0,052001806;0,081655681;0,021864112;17489,07138;0,076753954;9,511909635;19,06056985;0,15;0;0;0;0;0;1200;0,4;1200;735,3774763;735,3774763;0,013199101;184820,5182;0,749174246;735,3774763;5,284761173;548,922784;0,01;4,763472419;0,026922074;1243,937921;6,305353903;3160;6,334845287;1,096034086;1603,944877;6,661141161;14,89278548;171567,7903;170964,2461;11479,66889;0;184820,5182
53;descent_9;3099,402303;2591,318954;0,280433891;92,6;73839,38568;0,94810215;271,3132749;0,76242678;0,051197721;0,079897221;0,020137569;17486,93577;0,077406751;9,5117883;19,0552915;0,15;0;0;0;0;0;1200;0,4;1200;735,3774763;735,3774763;0,012996078;184820,5182;0,747811138;735,3774763;5,346189436;549,681032;0,01;4,783067032;0,027032818;1249,054878;6,30167496;3160;6,363450984;1,109424658;1610,693427;6,674736237;14,8918109;171546,8399;170938,9827;11478,7237;0;184820,5182
54;descent_9;3154,507325;2285,871413;0,279414189;92,6;76721,68175;0,977959991;273,2971649;0,739105747;0,049667491;0,076489092;0,016627255;17482,63969;0,079025202;9,511544128;19,0446695;0,15;0;0;0;0;0;1200;0,4;1200;735,3774763;735,3774763;0,012599298;184820,5182;0,745091978;735,3774763;5,462987825;551,1872211;0,01;4,749756435;0,026844554;1240,356116;6,285176072;3160;6,419428691;1,136537597;1624,269034;6,702160351;14,8810767;171504,6953;170928,9041;11486,3264;0;184820,5182
55;descent_9;3182,059835;2133,6;0,278909949;92,6;78192,31283;0,993111781;274,2862429;0,727885792;0,048954032;0,0748504;0,015318854;17480,43718;0,080978907;9,5114189;19,0392218;0,15;0;0;0;0;0;1200;0,4;1200;787,592761;787,592761;0,013288033;197943,6506;0,743747362;787,592761;5,582349351;553,3570987;0,01;5,009128248;0,026433558;1308,088729;6,200505967;3160;6,48134443;1,150295793;1631,228952;6,716363893;14,86876082;171483,0888;170942,1718;11496,7329;0;197943,6506
56;descent_10;3182,059835;2133,6;0,268063451;88,99888889;78192,31283;0,993111781;274,2862429;0,787882304;0,052850579;0,08397134;0,024856873;17480,43718;0,080847652;9,5114189;19,0392218;0,15;0;0;0;0;0;1200;0,4;1200;775,166367;775,166367;0,013078379;194820,5571;0,743747362;775,166367;5,565924654;552,9302115;0,01;5,165768098;0,027697155;1348,993814;6,225344419;3160;6,472028335;1,150295793;1631,228952;6,716363893;14,90773275;171483,0888;170920,6427;11465,23389;0;194820,5571
57;descent_10;3226,071682;1903,752793;0,267336823;88,99888889;80455,46623;1,016323543;275,7793034;0,769742589;0,05163156;0,081307477;0,022682695;17476,81187;0,083201235;9,511212706;19,03025193;0,15;0;0;0;0;0;1200;0,4;1200;836,1696092;836,1696092;0,013785405;210152,3441;0,741731317;836,1696092;5,733289257;555,6504896;0,01;5,481405562;0,027245372;1431,419696;6,13376821;3160;6,563891763;1,172611651;1642,684957;6,740045507;14,90837352;171447,5244;170888,3825;11462,57721;0;210152,3441
58;descent_10;3314,095376;1446,411583;0,265908256;88,99888889;85116,93998;1,0637474;278,7504587;0,735216158;0,049373012;0,076241969;0,018066531;17469,3265;0,086992942;9,510786696;19,01171962;0,15;0;0;0;0;0;1200;0,4;1200;903,0616726;903,0616726;0,014224468;226964,1533;0,737767731;903,0616726;6,002957378;559,7675309;0,01;5,823808013;0,026803087;1520,835012;5,999557217;3160;6,72546702;1,218060737;1666,338701;6,789757164;14,89105348;171374,093;170839,6181;11472,63478;0;226964,1533
59;descent_10;3358,107223;1219,2;0,265206918;88,99888889;87513,02812;1,087930805;280,2267163;0,718797527;0,04833324;0,073835201;0,015938598;17465,45087;0,08915453;9,510565982;19,00211805;0,15;0;0;0;0;0;1200;0,4;1200;949,2339247;949,2339247;0,014619385;238568,5059;0,735821854;949,2339247;6,151041384;562,1364484;0,01;6,064212208;0,026551944;1583,614402;5,908967936;3160;6,823358536;1,241141215;1678,585717;6,816009791;14,87170173;171336,073;170821,6395;11486,35459;0;238568,5059
60;descent_11;3358,107223;1219,2;0,25600899;85,91222222;87513,02812;1,087930805;280,2267163;0,768033344;0,090096051;0,081327589;0,028967711;17465,45087;0,141683701;9,510565982;19,00211805;0,381964895;0;0;0;0;0;1200;0,81;1200;4044,18843;4044,18843;0,06228554;1016415,413;0,735821854;4044,18843;8,985853142;619,3772481;0,01;42,22905563;0,043398545;11027,73755;3,205272435;3160;10,29248804;1,241141215;1678,585717;6,816009791;8,524606036;171336,073;170081,5176;19951,83319;0;1016415,413
61;descent_11;3400,475409;1028,7;0,255445437;85,91222222;89563,93637;1,108530382;281,4645295;0,753582958;0,089231051;0,07920034;0,026840463;17459,39706;0,14414349;9,510221026;18,98711173;0,381102661;0;0;0;0;0;1200;0,81;1200;4115,448213;4115,448213;0,062205196;1034324,95;0,734202087;4115,448213;9,151732328;621,1111805;0,01;42,93313706;0,043358142;11211,60208;3,169818793;3160;10,46243342;1,260436801;1697,71574;6,878836991;8,445299606;171276,6852;170041,3102;20134,43195;0;1034324,95
62;descent_11;3485,211779;647,7;0,254329306;85,91222222;93782,93632;1,150627556;283,940378;0,725651899;0,087607115;0,07509166;0,022731783;17446,96682;0,149265437;9,509511979;18,95626668;0,379660447;0;0;0;0;0;1200;0,81;1200;4261,755064;4261,755064;0,062059867;1071095,872;0,730994102;4261,755064;9,491414097;624,6440613;0,01;44,41555346;0,043315345;11598,72177;3,097608398;3160;10,81197311;1,299389805;1736,995315;7,011055828;8,283024711;171154,7445;169956,931;20518,70385;0;1071095,872
63;descent_11;3527,579965;457,2;0,25377665;85,91222222;95952,1631;1,172131188;285,1784132;0,712154255;0,086844978;0,073107529;0,020747651;17440,5875;0,151877309;9,509147697;18,94041964;0,379197861;0;0;0;0;0;1200;0,81;1200;4338,371116;4338,371116;0,06201655;1090351,586;0,729405656;4338,371116;9,665920686;626,4558439;0,01;45,19369697;0,043295858;11801,92694;3,060552851;3160;10,99251827;1,319032203;1757,153954;7,080604459;8,200292918;171092,1634;169912,7889;20720,33165;0;1090351,586
64;descent_12;3527,579965;457,2;0,182354479;61,73333333;95952,1631;1,172131188;285,1784132;1,37408232;0,141187457;0,175737878;0,123378;17440,5875;0,116763663;9,509147697;18,94041964;0,241256474;0;0;0;0;0;1200;0,81;1200;2252,427238;2252,427238;0,032198206;566096,7091;0,729405656;2252,427238;7,894831257;593,8023137;0,01;32,83772131;0,060592298;8575,275174;4,389338064;3160;8,542130241;1,319032203;1757,153954;7,080604459;9,732325743;171092,1634;169275,5746;17393,12668;0;566096,7091
65;descent_12;3562,957399;342,9;0,182117436;61,73333333;97273,14245;1,185180732;285,92127;1,35886152;0,139512332;0,173352512;0,120992634;17436,44289;0,117444856;9,508910882;18,9301177;0,240953636;0;0;0;0;0;1200;0,81;1200;2247,570436;2247,570436;0,031775022;564876,0615;0,7284575;2247,570436;7,950325552;594,1933845;0,01;32,77254691;0,060602713;8558,255467;4,390006108;3160;8,583122556;1,337222002;1770,25091;7,116091982;9,740081749;171051,5048;169264,1973;17378,10849;0;564876,0615
66;descent_12;3633,712269;114,3;0,181646085;61,73333333;99959,43431;1,211614474;287,4070633;1,329013831;0,136284023;0,168683361;0,116323484;17428,08738;0,118779949;9,508433122;18,90933412;0,236175029;0;0;0;0;0;1200;0,81;1200;2237,986204;2237,986204;0,030949246;562467,2813;0,726572126;2237,986204;8,065548313;595,0614391;0,01;32,66899258;0,060669934;8531,213187;4,386402925;3160;8,670957117;1,373896439;1796,654325;7,188171317;9,751794833;170969,5372;169238,5425;17354,60451;0;562467,2813
67;descent_12;3669,089704;0;0,181411765;61,73333333;101325;1,225;288,15;1,314380901;0,134728695;0,166398442;0,114038564;17423,87193;0,119543947;9,508191913;18,89884099;0,232211917;0;0;0;0;0;1200;0,81;1200;2235,138395;2235,138395;0,030572113;561751,549;0,725634861;2235,138395;8,122825455;595,5495188;0,01;32,63045125;0,060675567;8521,148466;4,379936731;3160;8,717295153;1,392374551;1809,975161;7,224820577;9,755760618;170928,1836;169224,2709;17346,08684;0;561751,549
68;reserve_climb_1;3669,089704;0;0,241882353;82,31111111;101325;1,225;288,15;0,726530232;0,052693084;0,075488613;0,21594534;17423,87193;0,283841768;9,508191913;18,89884099;0,9;0;0;0;0;0;1200;0,875;1200;11996,96056;11996,96056;0,164093836;3015165,052;0,725634861;11996,96056;15,08436471;694,6515255;0,02;138,1794665;0,047870445;36084,32319;2,004457516;3160;17,02247968;1,392374551;1809,975161;7,224820577;13,78796191;170928,1836;166292,4667;12060,6996;0;3015165,052
69;reserve_climb_1;3679,165497;115,408858;0,242197816;82,31111111;99946,26017;1,21148517;287,399856;0,734650723;0,053235373;0,076686503;0,216101024;17421,02546;0,28181308;9,508028971;18,89175267;0,9;0;0;0;0;0;1200;0,875;1200;11930,3859;11930,3859;0,165003636;2998433,015;0,726581236;11930,3859;14,96260784;693,9148306;0,02;137,4577504;0,04788615;35895,85354;1,998520404;3160;16,93934836;1,39807328;1818,970009;7,273129921;13,80004844;170900,2597;166296,0023;12050,39265;0;2998433,015
70;reserve_climb_1;3699,317084;344,4288013;0,242827468;82,31111111;97255,37695;1,185005457;285,9113338;0,750416303;0,054304639;0,079012582;0,216286387;17415,38432;0,277729185;9,507705895;18,87769818;0,9;0;0;0;0;0;1200;0,875;1200;11791,03696;11791,03696;0,166720412;2963410,806;0,728470158;11791,03696;14,71519672;692,4148631;0,02;135,9529;0,047921639;35502,87542;1,986853173;3160;16,76873851;1,409312725;1836,796007;7,368237086;13,81864077;170844,9202;166151,9364;12023,75394;0;2963410,806
71;reserve_climb_1;3709,392877;457,2;0,243139306;82,31111111;95952,1631;1,172131188;285,1784132;0,758108501;0,054818197;0,080147787;0,215584883;17412,59957;0,274948865;9,507546331;18,87075683;0,9;0;0;0;0;0;1200;0,875;1200;11677,02002;11677,02002;0,16692175;2934755,224;0,729405656;11677,02002;14,56582123;691,3557384;0,02;134,6853716;0,047938406;35171,87178;1,98233454;3160;16,65861194;1,414839127;1845,595812;7,414784749;13,8295046;170817,6018;166031,4592;12005,59702;0;2934755,224
72;reserve_climb_2;3709,392877;457,2;0,25377665;85,91222222;95952,1631;1,172131188;285,1784132;0,698448604;0,050611379;0,071081668;0,198740285;17412,59957;0,275247559;9,507546331;18,87075683;0,9;0;0;0;0;0;1200;0,875;1200;11707,47498;11707,47498;0,1673571;2942409,391;0,729405656;11707,47498;14,5886863;691,6457921;0,02;129,8042507;0,04608089;33897,21103;1,98109461;3160;16,68061436;1,414839127;1845,595812;7,414784749;13,80022856;170817,6018;166642,7595;12075,36229;0;2942409,391
73;reserve_climb_2;3727,41032;650,7724367;0,254338249;85,91222222;93748,27981;1,150283241;283,9204112;0,71213791;0,051473529;0,073093001;0,198075413;17407,69521;0,271001265;9,507265192;18,85852666;0,9;0;0;0;0;0;1200;0,875;1200;11537,18711;11537,18711;0,168055321;2899611,381;0,731019805;11537,18711;14,34610298;690,0279146;0,02;127,9675694;0,046099389;33417,57824;1,972588866;3160;16,50432972;1,424538506;1861,093589;7,496014734;13,83503185;170769,49;166741,8715;12052,14945;0;2899611,381
74;reserve_climb_2;3763,445205;1032,59449;0,255456921;85,91222222;89521,62127;1,108106278;281,4392235;0,738722098;0,053238342;0,077000288;0,198959124;17398,03265;0,264982925;9,506710827;18,83441062;0,9;0;0;0;0;0;1200;0,875;1200;11329,88387;11329,88387;0,171317279;2847510,394;0,734235095;11329,88387;13,95744296;687,8457407;0,02;125,8148675;0,046153186;32855,41953;1,953382483;3160;16,23457093;1,443504904;1891,627288;7,654236112;13,87575317;170674,7003;166624,2776;12008,3051;0;2847510,394
75;reserve_climb_2;3781,462647;1219,2;0,25600899;85,91222222;87513,02812;1,087930805;280,2267163;0,751742747;0,054107646;0,078914919;0,198560009;17393,29094;0,261287099;9,506438559;18,82256637;0,9;0;0;0;0;0;1200;0,875;1200;11176,78221;11176,78221;0,17213637;2809031,75;0,735821854;11176,78221;13,73908525;686,5270274;0,02;124,2043561;0,046186518;32434,84898;1,944408593;3160;16,07716068;1,45274589;1906,611083;7,730849754;13,89346619;170628,1841;166473,9536;11982,17575;0;2809031,75
76;reserve_climb_3;3781,462647;1219,2;0,265206918;88,99888889;87513,02812;1,087930805;280,2267163;0,702581882;0,050676087;0,071443674;0,185140281;17393,29094;0,261527049;9,506438559;18,82256637;0,9;0;0;0;0;0;1200;0,875;1200;11201,37016;11201,37016;0,172515055;2815211,377;0,735821854;11201,37016;13,7580943;686,759735;0,02;120,5005247;0,044710855;31467,62676;1,943216257;3160;16,09591308;1,45274589;1906,611083;7,730849754;13,86416987;170628,1841;166968,0049;12043,13034;0;2815211,377
77;reserve_climb_3;3805,266051;1457,237297;0,26594181;88,99888889;85004,12036;1,062605558;278,6801236;0,719064734;0,051723711;0,073857818;0,184509498;17387,11716;0,256443521;9,506083838;18,80713526;0,9;0;0;0;0;0;1200;0,875;1200;10994,56741;10994,56741;0,173365704;2763236,176;0,737860826;10994,56741;13,47326024;684,8126056;0,02;118,3659883;0,044744944;30910,2118;1,935695764;3160;15,87884195;1,464704185;1926,120241;7,829639332;13,90203291;170567,6193;166907,2149;12005,9574;0;2763236,176
78;reserve_climb_3;3852,87286;1912,524093;0,267364444;88,99888889;80368,1358;1,015430174;275,7223241;0,7522829;0,053905783;0,078727248;0,184010054;17375,13338;0,247754441;9,505394579;18,77715102;0,9;0;0;0;0;0;1200;0,875;1200;10635,78203;10635,78203;0,175499745;2673063,576;0,741807954;10635,78203;12,96413919;681,4966616;0,02;114,6707103;0,044810342;29945,22323;1,920782738;3160;15,4912381;1,487827449;1963,988986;8,017456454;13,95551393;170450,0584;166865,3992;11956,95121;0;2673063,576
79;reserve_climb_3;3876,676264;2133,6;0,268063451;88,99888889;78192,31283;0,993111781;274,2862429;0,7691253;0,055071298;0,081198275;0,185159707;17369,26984;0,245096962;9,505056985;18,76246497;0,9;0;0;0;0;0;1200;0,875;1200;10540,70486;10540,70486;0,17783967;2649168,076;0,743747362;10540,70486;12,77293325;680,6752518;0,02;113,7671902;0,044858274;29709,27711;1,907584236;3160;15,36270028;1,499053283;1982,517771;8,107890927;13,96599187;170392,5371;166851,5588;11946,98954;0;2649168,076
80;reserve_climb_4;3876,676264;2133,6;0,278909949;92,6;78192,31283;0,993111781;274,2862429;0,711713938;0,051052283;0,072471828;0,170522198;17369,26984;0,245399969;9,505056985;18,76246497;0,9;0;0;0;0;0;1200;0,875;1200;10569,69978;10569,69978;0,178328864;2656455,294;0,743747362;10569,69978;12,79571089;680,9576223;0,02;110,0109241;0,04325819;28728,36204;1,905733208;3160;15,38633879;1,499053283;1982,517771;8,107890927;13,94088373;170392,5371;167144,252;11989,50191;0;2656455,294
81;reserve_climb_4;3894,169241;2290,661952;0,279430096;92,6;76675,78214;0,977486207;273,2660488;0,72292321;0,051767984;0,074107681;0,170213047;17365,00468;0,242188573;9,504811275;18,75177605;0,9;0;0;0;0;0;1200;0,875;1200;10433,34126;10433,34126;0,178842157;2622184,661;0,745134398;10433,34126;12,61792321;679,6709022;0,02;108,651131;0,043281871;28373,26432;1,903213749;3160;15,24258426;1,50717644;1995,995669;8,1732126;13,9646776;170350,6959;167105,4627;11966,29578;0;2622184,661
82;reserve_climb_4;3929,155196;2595,319442;0,280447319;92,6;73802,22815;0,947715802;271,2872929;0,745339476;0,053227254;0,077380763;0,169690594;17356,64023;0,236075884;9,50432906;18,73079866;0,9;0;0;0;0;0;1200;0,875;1200;10168,86493;10168,86493;0,179784183;2555714,509;0,747846947;10168,86493;12,27585327;677,2228541;0,02;106,0299826;0,043336257;27688,77503;1,898462364;3160;14,96428242;1,523075397;2022,427309;8,299536708;14,00296692;170268,6407;167039,8485;11928,88974;0;2555714,509
83;reserve_climb_4;3946,648173;2743,2;0,280945065;92,6;72439,29491;0,93351885;270,3268742;0,756541587;0,053972405;0,079017304;0,169562378;17352,53547;0,233254435;9,504092248;18,72049683;0,9;0;0;0;0;0;1200;0,875;1200;10047,77576;10047,77576;0,180344942;2525281,482;0,749174246;10047,77576;12,11515669;676,0759481;0,02;104,8241336;0,043359726;27373,87842;1,89641089;3160;14,83239186;1,530863857;2035,398363;8,360689624;14,01719244;170228,373;167010,4858;11914,6888;0;2525281,482
84;reserve_climb_5;3946,648173;2743,2;0,289685578;95,48088889;72439,29491;0,93351885;270,3268742;0,712924849;0,050956077;0,072386421;0,158607679;17352,53547;0,233448682;9,504092248;18,72049683;0,9;0;0;0;0;0;1200;0,875;1200;10067,80307;10067,80307;0,180704407;2530314,893;0,749174246;10067,80307;12,13113934;676,2842221;0,02;102,1325186;0,042162321;26670,98739;1,894711597;3160;14,84994181;1,530863857;2035,398363;8,360689624;13,99096803;170228,373;167326,8437;11959,63305;0;2530314,893
85;reserve_climb_5;3965,878779;2899,880432;0,290232316;95,48088889;71017,63512;0,918655903;269,3093529;0,724242449;0,051684098;0,074032755;0,158676948;17348,07178;0,230733628;9,503834602;18,70928866;0,9;0;0;0;0;0;1200;0,875;1200;9951,272073;9951,272073;0,181502602;2501027,459;0,7505882;9951,272073;11,97054594;675,1661192;0,02;101,016579;0,042189972;26379,56983;1,892170431;3160;14,71877246;1,539313199;2049,503615;8,426687044;14,01286803;170184,5842;167276,765;11937,36818;0;2501027,459
86;reserve_climb_5;4004,339992;3204,641931;0,291304634;95,48088889;68317,23884;0,890266886;267,3302999;0,746900389;0,053170332;0,077330345;0,158869547;17339,30036;0,225441355;9,503327924;18,6872471;0,9;0;0;0;0;0;1200;0,875;1200;9724,626129;9724,626129;0,183024748;2444065,12;0,753361389;9724,626129;11,66189492;672,9799898;0,02;98,85066715;0,042247584;25813,96145;1,888335296;3160;14,46277197;1,555894476;2077,221319;8,554661842;14,04731481;170098,5365;167178,9835;11901,13454;0;2444065,12
87;reserve_climb_5;4073,570599;3352,8;0,291830209;95,48088889;67034,92642;0,876711612;266,3682628;0,758231226;0,053928138;0,078980255;0,158998811;17334,98933;0,222923476;9,503078711;18,67640582;0,9;0;0;0;0;0;1200;0,875;1200;9614,453286;9614,453286;0,18374899;2416375,665;0,754720613;9614,453286;11,51421594;671,9673892;0,02;97,80458954;0,042279498;25540,7877;1,88589498;3160;14,34090972;1,564030018;2090,844163;8,6167475;14,06002984;170056,2453;167131,0724;11886,96428;0;2416375,665
88;reserve_cruise;4073,570599;3352,8;0,295603876;96,71555556;67034,92642;0,876711612;266,3682628;0,746894044;0,051551086;0,077215173;0,077215173;17334,98933;0,138077973;9,503078711;18,67640582;0,488724843;0;0;0;0;0;1200;0,83;1200;4687,191418;4687,191418;0,089580412;1178019,69;0,754720613;4687,191418;8,280617879;618,5077095;0,02;44,77896163;0,039706034;11693,62254;2,99775391;3160;9,916092285;1,564030018;2090,844163;8,6167475;14,4884249;170056,2453;168917,3598;11658,7801;0;1178019,69
89;reserve_cruise;4283,462286;3352,8;0,295603876;96,71555556;67034,92642;0,876711612;266,3682628;0,745802238;0,051482454;0,077055052;0,077055052;17309,4697;0,137971554;9,501600926;18,61211899;0,488169767;0;0;0;0;0;1200;0,83;1200;4680,832137;4680,832137;0,089458875;1176421,428;0,754720613;4680,832137;8,276335865;618,4316641;0,02;44,71879201;0,039706552;11677,90978;3,000088859;3160;9,910081038;1,640561384;2171,486192;8,869725774;14,48653235;169805,8978;168670,4373;11643,25825;0;1176421,428
90;reserve_cruise;4728,245662;3352,8;0,295603876;96,71555556;67034,92642;0,876711612;266,3682628;0,743621059;0,051345643;0,076735192;0,076735192;17258,48941;0,13775914;9,498635683;18,48312462;0,487063336;0;0;0;0;0;1200;0,83;1200;4668,156202;4668,156202;0,089216616;1173235,618;0,754720613;4668,156202;8,267800538;618,280083;0,02;44,59885608;0,03970759;11646,5896;3,004748262;3160;9,898104056;1,7936256;2332,583928;9,374639165;14,48265148;169305,7811;168177,1424;11612,31717;0;1173235,618
91;reserve_cruise;5013,137349;3352,8;0,295603876;96,71555556;67034,92642;0,876711612;266,3682628;0,742531684;0,051277464;0,076575451;0,076575451;17233,02869;0,137653145;9,497148205;18,41841613;0,486511975;0;0;0;0;0;1200;0,83;1200;4661,839491;4661,839491;0,089095893;1171648,056;0,754720613;4661,839491;8,263547188;618,2045467;0,02;44,53908924;0,039708108;11630,98202;3,007072708;3160;9,892138257;1,870158245;2413,0398;9,626576042;14,48066305;169056,0114;167930,7696;11596,89781;0;1171648,056
92;reserve_descent_3;5013,137349;3352,8;0,291830209;95,48088889;67034,92642;0,876711612;266,3682628;0,764030639;0,051396489;0,07983215;0,019457903;17233,02869;0,072677972;9,497148205;18,41841613;0,15;0;0;0;0;0;1200;0,4;1200;687,8290261;687,8290261;0,013145614;172870,2892;0,754720613;687,8290261;5,007600567;544,6636009;0,01;4,389818604;0,026525358;1146,361593;6,39131769;3160;6,217822201;1,870158245;2413,0398;9,626576042;14,8654247;169056,0114;168409,3922;11328,93245;0;172870,2892
93;reserve_descent_3;5048,537349;3199,725529;0,291287242;95,48088889;68360,12944;0,89071944;267,3622244;0,752051618;0,050603534;0,078087185;0,017670135;17231,10773;0,07333123;9,497035799;18,41352626;0,15;0;0;0;0;0;1200;0,4;1200;687,2069699;687,2069699;0,012927179;172713,9495;0,75331641;687,2069699;5,064847525;545,3608097;0,01;4,377169478;0,026472868;1143,058387;6,394042819;3160;6,241529889;1,882505176;2419,110013;9,638523697;14,86164236;169037,1669;168417,554;11332,36488;0;172713,9495
94;reserve_descent_3;5083,937349;2895,259095;0,290216146;95,48088889;71059,24047;0,919091672;269,3393643;0,728743467;0,049100806;0,074693577;0,014544709;17227,15298;0,075821173;9,496804307;18,40345585;0,15;0;0;0;0;0;1200;0,4;1200;735,3774763;735,3774763;0,01340629;184820,5182;0,750546382;735,3774763;5,230811311;548,2154244;0,01;4,607496239;0,026040532;1203,206146;6,311837038;3160;6,310262618;1,907603938;2431,607021;9,66335293;14,84178226;168998,3708;168396,1973;11346,09;0;184820,5182
95;reserve_descent_3;5119,337349;2743,2;0,289685578;95,48088889;72439,29491;0,93351885;270,3268742;0,717360954;0,048378955;0,073037074;0,012824068;17225,13312;0,076671734;9,496686033;18,39831066;0,15;0;0;0;0;0;1200;0,4;1200;735,3774763;735,3774763;0,013199101;184820,5182;0,749174246;735,3774763;5,285635224;549,0101891;0,01;4,601476785;0,026006511;1201,63422;6,297590526;3160;6,335140592;1,920335724;2437,989804;9,676124987;14,82795471;168978,5559;168368,0186;11354,77022;0;184820,5182
96;reserve_descent_4;5154,737349;2743,2;0,280945065;92,6;72439,29491;0,93351885;270,3268742;0,762765719;0,051265322;0,079933943;0,020191158;17225,13312;0,076753954;9,496686033;18,39831066;0,15;0;0;0;0;0;1200;0,4;1200;735,3774763;735,3774763;0,013199101;184820,5182;0,749174246;735,3774763;5,284761173;548,922784;0,01;4,763472419;0,026922074;1243,937921;6,305353903;3160;6,334845287;1,920335724;2437,989804;9,676124987;14,87878541;168978,5559;168384,4952;11317,08608;0;184820,5182
97;reserve_descent_4;5190,137349;2591,382872;0,280434105;92,6;73838,79187;0,948095976;271,3128598;0,750924108;0,050484067;0,078203222;0,018477905;17222,9968;0,077406393;9,496560909;18,39286752;0,15;0;0;0;0;0;1200;0,4;1200;735,3774763;735,3774763;0,012996163;184820,5182;0,74781171;735,3774763;5,34616639;549,6807067;0,01;4,783070204;0,027032836;1249,055706;6,301680673;3160;6,363440171;1,933730694;2444,740565;9,689724503;14,87447734;168957,5986;168358,9436;11318,64601;0;184820,5182
98;reserve_descent_4;5225,537349;2285,924371;0,279414364;92,6;76721,17423;0,977954752;273,2968209;0,727950825;0,048996582;0,074847623;0,01498957;17218,69933;0,079024848;9,496309113;18,38191386;0,15;0;0;0;0;0;1200;0,4;1200;735,3774763;735,3774763;0,012599366;184820,5182;0,745092447;735,3774763;5,462968731;551,1869619;0,01;4,749781754;0,026844698;1240,362727;6,285180398;3160;6,41941934;1,960852464;2458,320582;9,717157473;14,85717574;168915,4404;168348,2651;11331,10815;0;184820,5182
99;reserve_descent_4;5260,937349;2133,6;0,278909949;92,6;78192,31283;0,993111781;274,2862429;0,716896458;0,0483031;0,073233898;0,013697188;17216,4961;0,080978907;9,496179974;18,37629602;0,15;0;0;0;0;0;1200;0,4;1200;787,592761;787,592761;0,013288033;197943,6506;0,743747362;787,592761;5,582349351;553,3570987;0,01;5,009128248;0,026433558;1308,088729;6,200505967;3160;6,48134443;1,974615177;2465,282782;9,731365661;14,84162406;168893,8267;168361,3539;11343,86326;0;197943,6506
100;reserve_descent_5;5296,337349;2133,6;0,268063451;88,99888889;78192,31283;0,993111781;274,2862429;0,775990176;0,05208811;0,082212901;0,023174343;17216,4961;0,080847652;9,496179974;18,37629602;0,15;0;0;0;0;0;1200;0,4;1200;775,166367;775,166367;0,013078379;194820,5571;0,743747362;775,166367;5,565924654;552,9302115;0,01;5,165768098;0,027697155;1348,993814;6,225344419;3160;6,472028335;1,974615177;2465,282782;9,731365661;14,89764522;168893,8267;168340,8029;11299,82628;0;194820,5571
101;reserve_descent_5;5331,737349;1903,860453;0,267337162;88,99888889;80454,39386;1,016312574;275,778604;0,758128821;0,050904105;0,079591373;0,021027074;17212,86818;0,083199676;9,495967256;18,36704234;0,15;0;0;0;0;0;1200;0,4;1200;836,1223984;836,1223984;0,013784775;210140,4787;0,741732257;836,1223984;5,73319098;555,6486946;0,01;5,481150392;0,027245642;1431,35306;6,133843873;3160;6,563834065;1,996947177;2476,747011;9,755064204;14,89327474;168858,2368;168308,2263;11300,95491;0;210140,4787
102;reserve_descent_5;5367,137349;1446,513503;0,265908572;88,99888889;85115,87725;1,063736646;278,7497965;0,724116454;0,048708945;0,074603854;0,016452865;17205,37749;0,086991624;9,495527766;18,34792361;0,15;0;0;0;0;0;1200;0,4;1200;903,0169785;903,0169785;0,014223908;226952,9205;0,737768607;903,0169785;6,002857094;559,7657315;0,01;5,823574035;0,026803337;1520,773911;5,999636729;3160;6,725400379;2,042429303;2500,417572;9,804810611;14,8661904;168784,7532;168258,7175;11318,21355;0;226952,9205
103;reserve_descent_5;5402,537349;1219,2;0,265206918;88,99888889;87513,02812;1,087930805;280,2267163;0,707935977;0,047697915;0,072233128;0,014345117;17201,49905;0,08915453;9,495300062;18,33801799;0,15;0;0;0;0;0;1200;0,4;1200;949,2339247;949,2339247;0,014619385;238568,5059;0,735821854;949,2339247;6,151041384;562,1364484;0,01;6,064212208;0,026551944;1583,614402;5,908967936;3160;6,823358536;2,065526633;2512,67344;9,831082072;14,84207395;168746,7057;168240,401;11335,37009;0;238568,5059
104;reserve_descent_6;5437,937349;1219,2;0,25600899;85,91222222;87513,02812;1,087930805;280,2267163;0,759581182;0,050957192;0,080075578;0,022802442;17201,49905;0,089175162;9,495300062;18,33801799;0,15;0;0;0;0;0;1200;0,4;1200;943,8995295;943,8995295;0,014537229;237227,8262;0,735821854;943,8995295;6,143015732;561,9080989;0,01;6,270081765;0,027608488;1637,375383;5,923889836;3160;6,816440055;2,065526633;2512,67344;9,831082072;14,90626054;168746,7057;168209,7807;11284,50561;0;237227,8262
105;reserve_descent_6;5473,337349;1027,880141;0,255443019;85,91222222;89572,84651;1,10861968;281,4698568;0,745357101;0,050021416;0,07798257;0,020655283;17198,02881;0,090181896;9,495096237;18,32915114;0,15;0;0;0;0;0;1200;0,4;1200;943,1430516;943,1430516;0,014254504;237037,7026;0,734195139;943,1430516;6,223272113;562,8762032;0,01;6,252440283;0,027552891;1632,768469;5,904579821;3160;6,866616859;2,086101882;2523,639401;9,854779833;14,90075964;168712,6627;168198,7448;11287,93088;0;237037,7026
106;reserve_descent_6;5508,737349;647,0633086;0,254327453;85,91222222;93790,11938;1,150698917;283,9445156;0,717920118;0,048269956;0,073948171;0,016912719;17190,91964;0,09307439;9,49467842;18,31097522;0,15;0;0;0;0;0;1200;0,4;1200;986,2697024;986,2697024;0,014361213;247876,6121;0,730988776;986,2697024;6,442097595;565,7329052;0,01;6,519917207;0,027475245;1702,617658;5,824655052;3160;7,012073495;2,127777205;2546,104394;9,90412076;14,8730221;168642,9216;168156,4775;11306,1405;0;247876,6121
107;reserve_descent_6;5544,137349;457,2;0,25377665;85,91222222;95952,1631;1,172131188;285,1784132;0,704666955;0,047443843;0,072000669;0,01502856;17187,28108;0,094513261;9,494464443;18,30166677;0,15;0;0;0;0;0;1200;0,4;1200;1002,698037;1002,698037;0,014333461;252005,5029;0,729405656;1002,698037;6,54575533;566,9817401;0,01;6,6172621;0,027428582;1728,038401;5,794367772;3160;7,081630678;2,148913401;2557,602222;9,929762043;14,85265352;168607,2274;168126,395;11319,62008;0;252005,5029
108;reserve_descent_7;5579,537349;457,2;0,182354479;61,73333333;95952,1631;1,172131188;285,1784132;1,354353615;0,139065112;0,172637304;0,120277426;17187,28108;0,116000478;9,494464443;18,30166677;0,238867448;0;0;0;0;0;1200;0,81;1200;2214,112931;2214,112931;0,031650507;556467,2734;0,729405656;2214,112931;7,859473679;593,1080629;0,01;32,30878057;0,06064793;8437,147064;4,42316026;3160;8,496919611;2,148913401;2557,602222;9,929762043;9,73898914;168607,2274;166845,1613;17131,67136;0;556467,2734
109;reserve_descent_7;5614,937349;342,9;0,182117436;61,73333333;97273,14245;1,185180732;285,92127;1,339341678;0,137437675;0,170288529;0,117928652;17183,16375;0,116689585;9,494222201;18,2911287;0,238620767;0;0;0;0;0;1200;0,81;1200;2210,156744;2210,156744;0,031246086;555472,9751;0,7284575;2210,156744;7,915799088;593,5154527;0,01;32,25603944;0,060657311;8423,374193;4,423172573;3160;8,538782156;2,167123723;2570,612998;9,964831366;9,74508394;168566,8364;166832,7425;17119,68245;0;555472,9751
110;reserve_descent_7;5650,337349;114,3;0,181646085;61,73333333;99959,43431;1,211614474;287,4070633;1,309904182;0,134301373;0,165691061;0,113331184;17174,86004;0,11806559;9,4937333;18,2698605;0,23352287;0;0;0;0;0;1200;0,81;1200;2202,5376;2202,5376;0,030459025;553558,0754;0,726572126;2202,5376;8,031954295;594,4236814;0,01;32,17684523;0,0607177;8402,693339;4,417219046;3160;8,628369136;2,203835172;2596,852722;10,03610328;9,753468257;168485,377;166805,0922;17102,13104;0;553558,0754
111;reserve_descent_7;5685,737349;0;0,181411765;61,73333333;101325;1,225;288,15;1,295472677;0,132790425;0,16344126;0,111081382;17170,66969;0,118837918;9,493486404;18,25911998;0,229622431;0;0;0;0;0;1200;0,81;1200;2200,534805;2200,534805;0,030098807;553054,7183;0,725634861;2200,534805;8,090025299;594,9249812;0,01;32,15023763;0,060722708;8395,745004;4,410246639;3160;8,67542094;2,222331171;2610,094239;10,07235738;9,755768712;168444,2696;166789,8697;17096,53792;0;553054,7183
112;hold;5685,737349;457,2;0,464889833;148,6744444;52751,5767;0,722089331;254,4969704;0,381229977;0,033049989;0,020872919;0,020872919;17170,66969;0,192745842;9,493486404;18,25911998;0,869839214;0;0;0;0;0;1200;0,83;1200;8479,564338;8479,564338;0,196761324;2131146,963;0,772122384;8479,564338;9,993779688;661,2446207;0,02;55,7211818;0,027311274;14551,08479;1,86753005;3160;13,03886816;2,222331171;2610,094239;10,07235738;11,53495037;168444,2696;167809,4788;14547,9151;0;1757922,728
113;hold;6285,737349;457,2;0,464889833;148,6744444;52751,5767;0,722089331;254,4969704;0,378354182;0,032957945;0,020479164;0,020479164;17040,70724;0,192328787;9,485768712;17,9233839;0,867905374;0;0;0;0;0;1200;0,83;1200;8457,409115;8457,409115;0,19624723;2125578,748;0,772122384;8457,409115;9,979414019;660,951782;0,02;55,56554736;0,027306337;14510,44226;1,872047126;3160;13,01671123;2,4653335;3020,775586;11,76547896;11,47990811;167169,338;166543,6137;14507,39955;0;1755777,131
114;hold;6885,737349;457,2;0,464889833;148,6744444;52751,5767;0,722089331;254,4969704;0,372620873;0,032776524;0,01969421;0,01969421;16781,6202;0,191506448;9,470026397;17,23855963;0,864093971;0;0;0;0;0;1200;0,83;1200;8413,743416;8413,743416;0,195234004;2114604,36;0,772122384;8413,743416;9,951100742;660,3746268;0,02;55,25880767;0,027296529;14430,33995;1,881039779;3160;12,97297696;2,951521979;3839,490609;15,13226213;11,36852944;164627,6942;164019,9309;14427,54155;0;1751519,043
115;hold;7485,737349;457,2;0,464889833;148,6744444;52751,5767;0,722089331;254,4969704;0,369763246;0,032687133;0,019302996;0,019302996;16652,49037;0,191101114;9,461997462;16,88928384;0,862216145;0;0;0;0;0;1200;0,83;1200;8392,229918;8392,229918;0,194734801;2109197,429;0,772122384;8392,229918;9,937151174;660,0902702;0,02;55,10768118;0,02729166;14390,87463;1,885514276;3160;12,95139843;3,194709286;4247,540883;16,80606567;11,31219576;163360,9305;162762,0631;14388,19365;0;1749407,075
