segment;time;altitude_m;mach_number;velocity_m_s;pressure_Pa;temperature_C;mdot_fuel_kg_s;mdot_air_kg_s;AFR_esteq;AFR_real_adjusted;excesso_ar;phi;B_Fuel_kW;B_Air_kW;W_Mec_Engine_kW;W_Mec_Hydraulic_kW;W_Electric_kW_aux_engine;W_Aux_Engine_kW;mdot_bleed_kg_s;P_bleed_Pa;T_estag_bleed_K;P_estag_bleed_Pa;T_bleed_K;B_Bleed_kW;B_Perda_Dest_Engine_kW;P_mec_MTRB_kW;eta_emotor_MTRB;W_Entrada_CT_kW;W_Gearbox_out_kW;B_Perda_Dest_Gearbox_kW;W_Prop_SysTermico_in_kW;thrust_turboprop_N;B_Thrust_Engine_kW;B_Perda_Dest_Prop_SysTermico_kW;B_Quim_Bat_kW;W_Bat_Power_kW;Q_Bat_Heat_kW;B_Bat_Heat_kW;B_Dest_Bat_kW;Ex_inverter_in_kW;Ex_inverter_out_kW;Q_heat_inverter_kW;B_Inverter_Heat_kW;B_Dest_Inverter_kW;eta_ex_inverter;W_El_MTRB_in_kW;W_El_MTRB_out_kW;P_loss_Motor_MTRB_kW;B_Motor_MTRB_Heat_kW;B_Dest_Motor_MTRB_kW;W_El_WTP_in_kW;P_mec_WTPmotor_kW;P_loss_Motor_WTP_kW;B_Motor_WTP_Heat_kW;B_Dest_Motor_WTP_kW;B_Thrust_Motor_WTP_kW;B_Perda_Dest_WTP_kW;B_Thrust_Total_kW;eta_ex_engine;eta_ex_gearbox;eta_ex_prop_SysTermico;eta_ex_bat;eta_ex_motor_MTRB;eta_ex_motor_WTP;eta_ex_prop_WTP;eta_ex_total
climb_1;0;0;0,241882353;82,31111111;101325;288,15;0,267163173;11,34096615;13,39410029;42,44958625;2,169274929;0,321968963;12202,1436;78,78401291;1766,303872;14,914;14,914;29,828;0,10394825;172369,7;1002,290647;19,10966378;13522,37801;1267,423519;9217,372222;345,402465;0,971240309;2111,706337;2069,47221;42,23412674;2069,47221;14480,24602;1191,885139;877,5870712;44,83466247;44,61803799;0,213008323;0,010203177;0,200871247;46,96635578;44,61803799;2,348317789;0,307953666;2,040364123;0,95;355,630282;0;10,22781702;2,568835118;7,658981903;403,2987434;391,7278633;11,57088011;2,906161021;8,664719084;272,8050866;118,9227767;1464,690226;0,249456351;0,98;0,575936769;0,949690346;0,971240309;0,971309407;0,696414813;0,224896853
climb_1;16,25294939;116,025756;0,242199506;82,31111111;99938,93153;287,3958463;0,265014972;11,24437454;13,39410029;42,42920487;2,167753261;0,322123625;12104,02882;65,16747735;1753,222164;14,914;14,914;29,828;0,10394825;172369,7;1001,408269;18,94690551;13543,53163;1269,584709;9116,561421;345,402465;0,971240309;2098,624629;2056,652136;41,97249258;2056,652136;14347,4453;1180,954164;875,6979722;44,83466247;44,62350674;0,214705669;0,01028448;0,200871247;46,97211236;44,62350674;2,348605618;0,307991411;2,040614207;0,95;355,630282;0;10,22781702;2,568835118;7,658981903;403,6252446;392,044997;11,58024762;2,908513781;8,671733837;272,5844088;119,4605882;1453,538573;0,250849341;0,98;0,574211916;0,949690346;0,971240309;0,971309407;0,695288579;0,225392525
climb_1;48,75884818;344,6294128;0,242828021;82,31111111;97253,04594;285,91003;0,26079612;11,05491543;13,39410029;42,38911003;2,16475979;0,322428314;11911,34119;38,96072249;1727,449154;14,914;14,914;29,828;0,10394825;172369,7;999,6698662;18,62623724;13586,11855;1273,935892;8919,088866;345,402465;0,971240309;2072,851619;2031,394587;41,45703238;2031,394587;14085,76655;1159,415096;871,9794911;44,84506364;44,63383547;0,217911412;0,010438037;0,200790136;46,98298471;44,63383547;2,349149235;0,3080627;2,041086535;0,95;355,630282;0;10,22781702;2,568835118;7,658981903;404,2926614;392,6932652;11,5993962;2,91332317;8,68607303;272,1344193;120,5588459;1431,549515;0,253651587;0,98;0,570748344;0,949689823;0,971240309;0,971309407;0,692994873;0,228035006
climb_1;65,01179757;457,2;0,243139306;82,31111111;95952,1631;285,1784132;0,258725331;10,96203584;13,39410029;42,36939536;2,163287899;0,322578341;11816,76204;26,35741019;1714,75865;14,914;14,914;29,828;0,10394825;172369,7;998,8138962;18,4683373;13607,54425;1276,125111;8822,407692;345,402465;0,971240309;2060,161115;2018,957893;41,2032223;2018,957893;13956,89927;1148,807887;870,1500061;44,85496647;44,63871256;0,219425121;0,010510544;0,205743371;46,98811848;44,63871256;2,349405924;0,308096362;2,041309562;0,95;355,630282;0;10,22781702;2,568835118;7,658981903;404,6332255;393,0240583;11,60916719;2,915777267;8,69338992;271,9053744;121,1186839;1420,713261;0,255060482;0,98;0,569010325;0,949578819;0,971240309;0,971309407;0,69182883;0,229363412
climb_2;65,01179757;457,2;0,25377665;85,91222222;95952,1631;285,1784132;0,259108318;10,98114762;13,39410029;42,38052914;2,164119144;0,322493597;11834,25421;33,05497549;1719,634066;14,914;14,914;29,828;0,10394825;172369,7;999,2067978;18,50255196;13605,70005;1275,936672;8841,910445;345,402465;0,971240309;2065,036531;2023,7358;41,30073062;2023,7358;13500,26365;1159,837651;863,8981497;44,85496647;44,63879115;0,219449514;0,010511712;0,205663612;46,98820121;44,63879115;2,349410061;0,308096904;2,041313156;0,95;355,630282;0;10,22781702;2,568835118;7,658981903;400,6850019;389,1891116;11,49589031;2,887326463;8,608563849;274,5846441;114,6044675;1434,422295;0,254935528;0,98;0,573117128;0,949580571;0,971240309;0,971309407;0,705530129;0,230032674
climb_2;83,8696317;652,9530271;0,254344597;85,91222222;93723,68946;283,9062403;0,255532713;10,82079399;13,39410029;42,34602239;2,161542879;0,322756389;11670,9456;11,47572259;1697,028357;14,914;14,914;29,828;0,10394825;172369,7;997,7151998;18,22511137;13644,15984;1279,866569;8675,698398;345,402465;0,971240309;2042,430822;2001,582206;40,84861644;2001,582206;13278,99214;1140,827724;860,754482;44,86183271;44,64421995;0,221134459;0,010592422;0,207020338;46,99391574;44,64421995;2,349695787;0,308134374;2,041561413;0,95;355,630282;0;10,22781702;2,568835118;7,658981903;401,2337645;389,7221299;11,51163464;2,891280833;8,620353803;274,2090979;115,513032;1415,036821;0,257371554;0,98;0,569962963;0,949549267;0,971240309;0,971309407;0,703601558;0,23234123
climb_2;121,5853;1034,003219;0,255461075;85,91222222;89506,3189;281,4300697;0,248568305;10,50939633;13,39410029;42,27971192;2,156592157;0,323262592;11352,86019;28,82648863;1652,320179;14,914;14,914;29,828;0,10394825;172369,7;994,7881305;17,68255147;13722,10945;1287,832369;8411,706134;345,402465;0,971240309;1997,722644;1957,768191;39,95445288;1957,768191;12841,25067;1103,220381;854,54781;44,87211486;44,65439572;0,224292727;0,010743704;0,206975437;47,00462707;44,65439572;2,350231354;0,308204607;2,042026747;0,95;355,630282;0;10,22781702;2,568835118;7,658981903;402,3689717;390,8247673;11,5442044;2,899461108;8,644743294;273,4354694;117,3892979;1376,655851;0,260943798;0,98;0,563509197;0,949548008;0,971240309;0,971309407;0,699637004;0,235794194
climb_2;140,4431341;1219,2;0,25600899;85,91222222;87513,02812;280,2267163;0,245156558;10,35348791;13,39410029;42,23214745;2,153041006;0,323626671;11197,03547;47,57929558;1629,839344;14,914;14,914;29,828;0,10394825;172369,7;993,4345819;17,42301481;13761,45354;1291,85339;8293,094035;345,402465;0,971240309;1975,241809;1935,736973;39,50483618;1935,736973;12621,08468;1084,305432;851,4315411;44,88183508;44,65916493;0,225772956;0,010814607;0,21185554;47,00964729;44,65916493;2,350482365;0,308237524;2,042244841;0,95;355,630282;0;10,22781702;2,568835118;7,658981903;402,9533849;391,3924133;11,56097156;2,903672376;8,657299188;273,0388993;118,3535141;1357,344331;0,262483046;0,98;0,560151222;0,949438747;0,971240309;0,971309407;0,697609075;0,237302496
climb_3;140,4431341;1219,2;0,265206918;88,99888889;87513,02812;280,2267163;0,245488416;10,37156114;13,39410029;42,2486784;2,154275203;0,323500043;11212,19242;42,06340977;1633,909513;14,914;14,914;29,828;0,10394825;172369,7;993,7221072;17,45241214;13758,80764;1291,582967;8298,935353;345,402465;0,971240309;1979,311978;1939,725738;39,58623956;1939,725738;12273,78548;1092,35327;847,3724682;44,88183508;44,65924093;0,225796544;0,010815737;0,21177841;47,00972729;44,65924093;2,350486365;0,308238049;2,042248316;0,95;355,630282;0;10,22781702;2,568835118;7,658981903;399,8034659;388,3328674;11,47059852;2,880974135;8,589624385;275,190082;113,1427854;1367,543352;0,262595815;0,98;0,563148309;0,94944044;0,971240309;0,971309407;0,708644838;0,23797872
climb_3;165,4663143;1455,955265;0,265937835;88,99888889;85017,47464;278,688453;0,241188427;10,1727175;13,39410029;42,17746939;2,148958756;0,324046214;11015,79903;65,38855784;1605,356575;14,914;14,914;29,828;0,10394825;172369,7;992,0647982;17,1202504;13811,48169;1296,966704;8149,036305;345,402465;0,971240309;1950,75904;1911,743859;39,0151808;1911,743859;12002,53244;1068,212051;843,5318082;44,88903852;44,66525947;0,227664527;0,010905214;0,21287384;47,0160626;44,66525947;2,35080313;0,308279589;2,042523541;0,95;355,630282;0;10,22781702;2,568835118;7,658981903;400,5171078;389,0260345;11,49107333;2,886116622;8,604956708;274,6997483;114,3262862;1342,911799;0,264606231;0,98;0,558763166;0,94941484;0,971240309;0,971309407;0,70612176;0,239950397
climb_3;215,5126747;1913,072892;0,267366173;88,99888889;80362,67431;275,718759;0,233434713;9,816166612;13,39410029;42,05101498;2,139517703;0,325020675;10661,66365;108,1784992;1554,078517;14,914;14,914;29,828;0,10394825;172369,7;988,8091321;16,50213567;13911,55082;1307,195866;7878,739763;345,402465;0,971240309;1899,480982;1861,491362;37,98961964;1861,491362;11515,41774;1024,859384;836,6319784;44,90031007;44,67633842;0,231103118;0,011069924;0,212901729;47,02772465;44,67633842;2,351386233;0,308356056;2,043030177;0,95;355,630282;0;10,22781702;2,568835118;7,658981903;401,9945194;390,4610583;11,53346114;2,896762814;8,636698331;273,6901705;116,7708878;1298,549554;0,268444267;0,98;0,550558227;0,949411802;0,971240309;0,971309407;0,700941015;0,243701913
climb_3;240,535855;2133,6;0,268063451;88,99888889;78192,31283;274,2862429;0,229721207;9,645346309;13,39410029;41,98718279;2,134752009;0,325514797;10492,05669;127,7238649;1529,439623;14,914;14,914;29,828;0,10394825;172369,7;987,250021;16,21295738;13959,9518;1312,144041;7748,368889;345,402465;0,971240309;1874,842088;1837,345246;37,49684176;1837,345246;11281,2911;1004,022373;833,3228731;44,91081815;44,68144003;0,232686511;0,011145769;0,218232351;47,03309477;44,68144003;2,351654738;0,308391267;2,043263472;0,95;355,630282;0;10,22781702;2,568835118;7,658981903;402,7555061;391,2002117;11,5552943;2,902246466;8,653047837;273,1730465;118,0271652;1277,19542;0,270383333;0,98;0,546452756;0,949292586;0,971240309;0,971309407;0,698294731;0,245592429
climb_4;240,535855;2133,6;0,278909949;92,6;78192,31283;274,2862429;0,230068642;9,664118238;13,39410029;42,00536915;2,136109798;0,325373864;10507,92509;121,6532116;1533,835206;14,914;14,914;29,828;0,10394825;172369,7;987,5950035;16,24518905;13956,90795;1311,832849;7754,082243;345,402465;0,971240309;1879,237671;1841,652918;37,58475342;1841,652918;10925,81731;1011,730683;829,9222347;44,91081815;44,68151841;0,232710838;0,011146935;0,218152806;47,03317727;44,68151841;2,351658864;0,308391808;2,043267056;0,95;355,630282;0;10,22781702;2,568835118;7,658981903;399,2567186;387,8018066;11,45491202;2,877034288;8,577877729;275,5669309;112,2348757;1287,297614;0,270518357;0,98;0,549360128;0,949294332;0,971240309;0,971309407;0,710587022;0,246284242
climb_4;259,015411;2289,95076;0,279427734;92,6;76682,59487;273,2706682;0,227449726;9,543517376;13,39410029;41,95879918;2,132632896;0,325734996;10388,31134;135,1895282;1516,420265;14,914;14,914;29,828;0,10394825;172369,7;986,4955529;16,0443842;13991,00171;1315,318562;7661,934037;345,402465;0,971240309;1861,82273;1824,586275;37,2364546;1824,586275;10766,03179;996,9345438;827,6517316;44,91660406;44,68510981;0,233825505;0,011200328;0,220293919;47,03695769;44,68510981;2,351847885;0,308416596;2,043431289;0,95;355,630282;0;10,22781702;2,568835118;7,658981903;399,7643338;388,294858;11,4694758;2,880692151;8,588783647;275,21702;113,0778381;1272,151564;0,271921565;0,98;0,546389369;0,949246132;0,971240309;0,971309407;0,708783581;0,247652795
climb_4;295,9745232;2594,83184;0,280445682;92,6;73806,75632;271,2904597;0,222349954;9,309511844;13,39410029;41,86873744;2,12590891;0,326435668;10155,38945;160,5643738;1482,38876;14,914;14,914;29,828;0,10394825;172369,7;984,3462921;15,65222071;14059,57474;1322,329962;7481,407101;345,402465;0,971240309;1827,791225;1791,235401;36,5558245;1791,235401;10453,69526;968,0121811;823,2232194;44,92343028;44,6918849;0,235928301;0,011301052;0,220244324;47,04408937;44,6918849;2,352204468;0,308463357;2,043741111;0,95;355,630282;0;10,22781702;2,568835118;7,658981903;400,799506;389,3003305;11,4991755;2,888151576;8,611023925;274,5061982;114,7941323;1242,518379;0,274773111;0,98;0,54041595;0,949245777;0,971240309;0,971309407;0,705127062;0,250430179
climb_4;314,4540793;2743,2;0,280945065;92,6;72439,29491;270,3268742;0,2198211;9,194308816;13,39410029;41,82632521;2,122742424;0,326766676;10039,8891;172,3918246;1464,881515;14,914;14,914;29,828;0,10394825;172369,7;983,2685116;15,45515706;14095,11296;1325,963938;7391,607472;345,402465;0,971240309;1810,28398;1774,0783;36,2056796;1774,0783;10292,9017;953,1226974;820,955603;44,92992123;44,69508171;0,236920499;0,011348579;0,223490944;47,04745443;44,69508171;2,352372722;0,308485422;2,0438873;0,95;355,630282;0;10,22781702;2,568835118;7,658981903;401,3253746;389,8111116;11,51426298;2,891940972;8,622322009;274,1465045;115,6646071;1227,269202;0,27620406;0,98;0,53724951;0,949173204;0,971240309;0,971309407;0,703280374;0,251828804
climb_5;314,4540793;2743,2;0,289685578;95,48088889;72439,29491;270,3268742;0,220086945;9,208737743;13,39410029;41,84136293;2,123865137;0,326649237;10052,03104;167,6732664;1468,104208;14,914;14,914;29,828;0,10394825;172369,7;983,5351125;15,47900516;14092,72501;1325,719751;7396,052346;345,402465;0,971240309;1813,506673;1777,23654;36,27013346;1777,23654;10035,56954;958,2051002;819,0314393;44,92992123;44,6951298;0,236935428;0,011349294;0,223442139;47,04750505;44,6951298;2,352375253;0,308485754;2,043889499;0,95;355,630282;0;10,22781702;2,568835118;7,658981903;398,7038026;387,264754;11,43904853;2,873049988;8,565998539;275,9490827;111,3156714;1234,154183;0,276294878;0,98;0,539154513;0,949174275;0,971240309;0,971309407;0,71255925;0,25229364
climb_5;334,8004296;2900,384158;0,290234079;95,48088889;71013,10133;269,3060816;0,217412147;9,086982221;13,39410029;41,79611096;2,120486637;0,327002895;9929,86499;179,938959;1449,382861;14,914;14,914;29,828;0,10394825;172369,7;982,3937621;15,26933491;14131,32775;1329,667299;7300,925789;345,402465;0,971240309;1794,785326;1758,889619;35,89570652;1758,889619;9868,217165;942,2261467;816,6634728;44,93429959;44,69850953;0,237984397;0,01139954;0,224390523;47,05106266;44,69850953;2,352553133;0,308509081;2,044044053;0,95;355,630282;0;10,22781702;2,568835118;7,658981903;399,2357079;387,7813987;11,45430921;2,876882885;8,577426321;275,5814335;112,1999652;1217,80758;0,277837055;0,98;0,535693733;0,94915256;0,971240309;0,971309407;0,710661817;0,253802985
climb_5;375,4931302;3205,075668;0,291306168;95,48088889;68313,45597;267,3274834;0,212252239;8,851808149;13,39410029;41,7041921;2,113623998;0,327723631;9694,196512;202,6816839;1413,185542;14,914;14,914;29,828;0,10394825;172369,7;980,2051204;14,87536955;14205,54402;1337,257371;7116,607283;345,402465;0,971240309;1758,588007;1723,416247;35,17176014;1723,416247;9544,55858;911,3229373;812,0933096;44,94071598;44,70486717;0,239957629;0,011494059;0,224354748;47,05775492;44,70486717;2,352887746;0,308552961;2,044334785;0,95;355,630282;0;10,22781702;2,568835118;7,658981903;400,3131479;388,8279263;11,4852216;2,884646892;8,600574707;274,8397079;113,9882184;1186,162645;0,280924031;0,98;0,528788642;0,949152002;0,971240309;0,971309407;0,706841483;0,256819003
climb_5;395,8394805;3352,8;0,291830209;95,48088889;67034,92642;266,3682628;0,209835513;8,741564356;13,39410029;41,65912734;2,110259475;0,328078146;9583,817385;213,3010538;1396,205675;14,914;14,914;29,828;0,10394825;172369,7;979,1441567;14,6906085;14240,93129;1340,876714;7030,20805;345,402465;0,971240309;1741,60814;1706,775977;34,8321628;1706,775977;9392,747345;896,8278656;809,9481116;44,94679815;44,70785925;0,240886286;0,011538542;0,227400357;47,06090447;44,70785925;2,353045224;0,308573612;2,044471611;0,95;355,630282;0;10,22781702;2,568835118;7,658981903;400,8580051;389,3571512;11,50085387;2,888573119;8,612280755;274,4661383;114,8910129;1171,294004;0,282420837;0,98;0,525451423;0,949083962;0,971240309;0,971309407;0,704921272;0,258278995
climb_6;395,8394805;3352,8;0,300949903;98,46466667;67034,92642;266,3682628;0,210071622;8,754618263;13,39410029;41,67444503;2,11140309;0,327957559;9594,601192;208,5539581;1399,232018;14,914;14,914;29,828;0,10394825;172369,7;979,4257081;14,71346106;14238,70131;1340,64863;7033,446502;345,402465;0,971240309;1744,634483;1709,741793;34,89268966;1709,741793;9151,622262;901,1114355;808,6303578;44,94679815;44,70790205;0,240899569;0,011539178;0,227356921;47,06094953;44,70790205;2,353047476;0,308573908;2,044473569;0,95;355,630282;0;10,22781702;2,568835118;7,658981903;398,2673119;386,8407866;11,42652535;2,869904647;8,556620705;276,2515158;110,5892708;1177,362951;0,282532369;0,98;0,527045335;0,949084914;0,971240309;0,971309407;0,714121999;0,25871377
climb_6;418,4456249;3509,930835;0,301527918;98,46466667;65696,3852;265,3480117;0,207685647;8,645445904;13,39410029;41,62755602;2,107902369;0,328326969;9485,626555;219,7979079;1382,459617;14,914;14,914;29,828;0,10394825;172369,7;978,2849154;14,52472811;14274,6737;1344,328003;6948,808843;345,402465;0,971240309;1727,862082;1693,30484;34,55724164;1693,30484;9005,939543;886,7668352;806,5380052;44,95091166;44,71108841;0,241888525;0,011586549;0,228236705;47,06430359;44,71108841;2,353215179;0,3085959;2,044619279;0,95;355,630282;0;10,22781702;2,568835118;7,658981903;398,8202927;387,377902;11,4423907;2,873889413;8,568501286;275,8684817;111,5094203;1162,635317;0,284028342;0,98;0,523690014;0,949064774;0,971240309;0,971309407;0,712143053;0,260173708
climb_6;463,6579136;3814,712348;0,302658551;98,46466667;63161,93785;263,3692075;0,203035965;8,433676213;13,39410029;41,53784386;2,101204483;0,329036079;9273,261629;240,6618191;1349,779236;14,914;14,914;29,828;0,10394825;172369,7;976,0757405;14,15780441;14346,93855;1351,720084;6782,596128;345,402465;0,971240309;1695,181701;1661,278067;33,90363402;1661,278067;8721,951077;858,8040055;802,4740615;44,95694552;44,71706633;0,2437439;0,011675422;0,228203769;47,07059614;44,71706633;2,353529807;0,30863716;2,044892647;0,95;355,630282;0;10,22781702;2,568835118;7,658981903;399,940426;388,465898;11,47452799;2,881961066;8,592566919;275,0958431;113,3700549;1133,899849;0,287087376;0,98;0,516953798;0,949064246;0,971240309;0,971309407;0,708159569;0,263152987
climb_6;486,2640579;3962,4;0,303210976;98,46466667;61962,71662;262,4104086;0,200764651;8,330769608;13,39410029;41,4952013;2,098020801;0,329374213;9169,523905;250,3134249;1333,832676;14,914;14,914;29,828;0,10394825;172369,7;975,0078335;13,97936943;14383,26996;1355,436778;6700,739876;345,402465;0,971240309;1679,235141;1645,650438;33,58470282;1645,650438;8583,310439;845,1528013;800,4976369;44,96266531;44,71987322;0,244615079;0,011717152;0,231074933;47,07355076;44,71987322;2,353677538;0,308656533;2,045021005;0,95;355,630282;0;10,22781702;2,568835118;7,658981903;400,5062548;389,0154928;11,49076195;2,886038415;8,604723535;274,707192;114,3083008;1119,859993;0,288656519;0,98;0,513567634;0,94900014;0,971240309;0,971309407;0,70616003;0,264678046
climb_7;486,2640579;3962,4;0,31287444;101,6027778;61962,71662;262,4104086;0,201038134;8,345247775;13,39410029;41,51077017;2,099183168;0,329250679;9182,014694;245,5096515;1337,127273;14,914;14,914;29,828;0,10394825;172369,7;975,3042549;14,0040907;14380,3815;1355,141282;6705,427791;345,402465;0,971240309;1682,529738;1648,879143;33,65059476;1648,879143;8357,363683;849,1313653;799,747778;44,96266531;44,71991061;0,244626684;0,011717708;0,231036987;47,07359012;44,71991061;2,353679506;0,308656791;2,045022715;0,95;355,630282;0;10,22781702;2,568835118;7,658981903;397,9014817;386,4854522;11,41602946;2,867268483;8,548760982;276,5055012;109,979951;1125,636866;0,288739276;0,98;0,514974896;0,949000972;0,971240309;0,971309407;0,715435729;0,26504192
climb_7;511,666887;4120,235997;0,313487075;101,6027778;60701,60013;261,3857749;0,198615715;8,235259287;13,39410029;41,46328143;2,095637671;0,329627777;9071,375551;255,5903875;1320,173314;14,914;14,914;29,828;0,10394825;172369,7;974,1673814;13,8200795;14418,00335;1358,990181;6617,974444;345,402465;0,971240309;1665,575779;1632,264263;33,31151558;1632,264263;8214,165879;834,5820706;797,6821928;44,96653879;44,72292896;0,245563493;0,011762581;0,231847245;47,07676733;44,72292896;2,353838366;0,308677623;2,045160743;0,95;355,630282;0;10,22781702;2,568835118;7,658981903;398,4775651;387,0450074;11,43255764;2,871419726;8,561137913;276,1057544;110,939253;1110,687825;0,290447238;0,98;0,511303279;0,94898242;0,971240309;0,971309407;0,713368598;0,266701239
climb_7;562,4725452;4425,002497;0,314680183;101,6027778;58325,47924;259,407447;0,193887753;8,021916783;13,39410029;41,37402522;2,088973826;0,330338883;8855,435343;274,0665192;1286,992808;14,914;14,914;29,828;0,10394825;172369,7;971,9272822;13,4645608;14492,3604;1366,597892;6446,083162;345,402465;0,971240309;1632,395273;1599,747368;32,64790546;1599,747368;7933,712889;806,0872678;793,6600997;44,97224484;44,72857865;0,247316995;0,011846575;0,231819618;47,08271437;44,72857865;2,354135718;0,308716618;2,045419101;0,95;355,630282;0;10,22781702;2,568835118;7,658981903;399,6388023;388,1729281;11,46587422;2,879787574;8,586086651;275,3034692;112,8694589;1081,390737;0,293928271;0,98;0,503884103;0,948981854;0,971240309;0,971309407;0,709228927;0,270077238
climb_7;587,8753743;4572;0,315260503;101,6027778;57206,73029;258,4533111;0,191600902;7,919199616;13,39410029;41,33174496;2,085817193;0,330676803;8750,987997;282,531227;1270,897358;14,914;14,914;29,828;0,10394825;172369,7;970,838052;13,29230038;14529,47325;1370,395336;6362,39853;345,402465;0,971240309;1616,299823;1583,973827;32,32599646;1583,973827;7797,594051;792,2572157;791,7166108;44,97764385;44,73122668;0,248138868;0,011885943;0,234531225;47,08550177;44,73122668;2,354275088;0,308734894;2,045540194;0,95;355,630282;0;10,22781702;2,568835118;7,658981903;400,2224348;388,7398158;11,48261899;2,883993215;8,598625772;274,9020021;113,8378137;1067,159218;0,295689933;0,98;0,500170648;0,948921341;0,971240309;0,971309407;0,707161939;0,271783159
climb_8;587,8753743;4572;0,325316914;104,8437778;57206,73029;258,4533111;0,191873369;7,933730635;13,39410029;41,34878476;2,08708938;0,330540531;8763,432382;277,7419017;1274,181947;14,914;14,914;29,828;0,10394825;172369,7;971,1327548;13,31679716;14526,23997;1370,064493;6367,099844;345,402465;0,971240309;1619,584412;1587,192724;32,39168824;1587,192724;7589,396715;795,7010228;791,4917009;44,97764385;44,73125862;0,248148785;0,011886418;0,23449881;47,08553539;44,73125862;2,354276769;0,308735115;2,045541655;0,95;355,630282;0;10,22781702;2,568835118;7,658981903;397,6443627;386,2357101;11,40865257;2,86541569;8,543236879;276,6842913;109,5514189;1072,385314;0,295766275;0,98;0,501326027;0,948922051;0,971240309;0,971309407;0,716361237;0,272092942
climb_8;617,0594403;4731,055368;0,325968581;104,8437778;56015,90749;257,4209593;0,189396219;7,822437581;13,39410029;41,30197331;2,083594449;0,330915164;8650,29351;286,6611079;1256,338834;14,914;14,914;29,828;0,10394825;172369,7;969,9551641;13,12819776;14567,87406;1374,324779;6276,463005;345,402465;0,971240309;1601,741299;1569,706473;32,03482598;1569,706473;7442,737542;780,3247211;789,3817519;44,98133673;44,73416579;0,249051087;0,011929639;0,235241305;47,08859557;44,73416579;2,354429778;0,30875518;2,045674598;0,95;355,630282;0;10,22781702;2,568835118;7,658981903;398,2459452;386,8200329;11,42591233;2,869750679;8,55616165;276,2663373;110,5536956;1056,591058;0,297695549;0,98;0,497115056;0,948905033;0,971240309;0,971309407;0,714198629;0,273965863
climb_8;675,4275722;5035,772888;0,327227965;104,8437778;53790,75587;255,4433283;0,184643258;7,609139577;13,39410029;41,20995079;2,076724073;0,331654103;8433,211523;302,7763558;1221,445257;14,914;14,914;29,828;0,10394825;172369,7;967,7041436;12,76498193;14651,04226;1382,83588;6101,878742;345,402465;0,971240309;1566,847722;1535,510768;31,33695444;1535,510768;7155,642793;750,224623;785,2861446;44,98682439;44,73959563;0,250736355;0,012010363;0,235218401;47,09431119;44,73959563;2,354715559;0,308792657;2,045922903;0,95;355,630282;0;10,22781702;2,568835118;7,658981903;399,4489051;387,9884791;11,46042596;2,878419179;8,582006781;275,4343479;112,5541312;1025,658971;0,3015239;0,98;0,488583108;0,948904418;0,971240309;0,971309407;0,709903419;0,277682482
climb_8;704,6116381;5181,6;0,327835806;104,8437778;52751,5767;254,4969704;0,182375423;7,507187009;13,39410029;41,16336996;2,07324636;0,332029406;8329,632695;310,0420289;1204,758083;14,914;14,914;29,828;0,10394825;172369,7;966,6421585;12,5976699;14690,23658;1386,847218;6018,241423;345,402465;0,971240309;1550,160548;1519,157337;31,00321096;1519,157337;7018,272536;735,8222063;783,3351307;44,99201052;44,74213698;0,251525115;0,012048145;0,237825395;47,09698629;44,74213698;2,354849315;0,308810197;2,046039118;0,95;355,630282;0;10,22781702;2,568835118;7,658981903;400,0485988;388,5709673;11,47763153;2,882740557;8,594890972;275,0214573;113,54951;1010,843664;0,303418055;0,98;0,484362079;0,948846269;0,971240309;0,971309407;0,707776649;0,279517793
cruise;704,6116381;5181,6;0,390862258;125;52751,5767;254,4969704;0,142985676;6,59044938;13,39410029;46,0916755;2,441192354;0,296527499;6530,58478;241,6531229;892,6127379;14,914;14,914;29,828;0,10394825;172369,7;935,1658286;10,64658598;14911,85412;1409,532779;4440,264385;345,402465;0,971240309;1238,015203;1213,254899;24,76030406;1213,254899;3546,569326;443,3211658;769,9337331;44,99201052;44,74216367;0,251533402;0,012048542;0,237798308;47,09701439;44,74216367;2,354850719;0,308810381;2,046040338;0,95;355,630282;0;10,22781702;2,568835118;7,658981903;388,0907123;376,9561596;11,13455267;2,796572315;8,337980358;283,4954438;93,46071588;726,8166095;0,344343118;0,98;0,365398208;0,948846862;0,971240309;0,971309407;0,75206476;0,317750379
cruise;1193,486328;5181,6;0,390862258;125;52751,5767;254,4969704;0,142803186;6,584987256;13,39410029;46,11232732;2,442734213;0,296394697;6522,249914;241,4528422;890,9890448;14,914;14,914;29,828;0,10394825;172369,7;935,0258441;10,6359602;14913,87626;1409,739806;4433,145906;345,402465;0,971240309;1236,39151;1211,66368;24,7278302;1211,66368;3534,406015;441,8007519;769,8629277;45,01972132;44,77372534;0,261329244;0,012517767;0,233478214;47,1302372;44,77372534;2,35651186;0,30902822;2,04748364;0,95;355,630282;0;10,22781702;2,568835118;7,658981903;388,0907123;376,9561596;11,13455267;2,796572315;8,337980358;283,4954438;93,46071588;725,2961956;0,344568195;0,98;0,364623253;0,948935817;0,971240309;0,971309407;0,75206476;0,317954507
cruise;2171,235708;5181,6;0,390862258;125;52751,5767;254,4969704;0,142440838;6,574121616;13,39410029;46,15334835;2,445796832;0,296131262;6505,700394;241,05443;887,7680496;14,914;14,914;29,828;0,10394825;172369,7;934,7481502;10,61488134;14917,90012;1410,151767;4419,007007;345,402465;0,971240309;1233,170515;1208,507104;24,66341029;1208,507104;3510,272038;438,7840048;769,7230996;45,06175795;44,81246599;0,273353237;0,01309372;0,236198242;47,17101683;44,81246599;2,358550842;0,309295608;2,049255234;0,95;355,630282;0;10,22781702;2,568835118;7,658981903;388,0907123;376,9561596;11,13455267;2,796572315;8,337980358;283,4954438;93,46071588;722,2794485;0,345017401;0,98;0,363079376;0,948867771;0,971240309;0,971309407;0,75206476;0,318362428
cruise;2660,110398;5181,6;0,390862258;125;52751,5767;254,4969704;0,142260941;6,568717322;13,39410029;46,17372327;2,447318019;0,296000589;6497,483958;240,8562698;886,1703499;14,914;14,914;29,828;0,10394825;172369,7;934,6104066;10,60442566;14919,9022;1410,356741;4411,985137;345,402465;0,971240309;1231,572815;1206,941359;24,6314563;1206,941359;3498,298446;437,2873058;769,6540529;45,09586823;44,8272995;0,277957136;0,013314249;0,255254479;47,18663105;44,8272995;2,359331553;0,309397989;2,049933564;0,95;355,630282;0;10,22781702;2,568835118;7,658981903;388,0907123;376,9561596;11,13455267;2,796572315;8,337980358;283,4954438;93,46071588;720,7827495;0,34524156;0,98;0,362310317;0,948444494;0,971240309;0,971309407;0,75206476;0,31856532
descent_5;2660,110398;5181,6;0,327835806;104,8437778;52751,5767;254,4969704;0,059959115;3,596211911;13,39410029;59,97773502;3,4779219;0,227875382;2738,512659;148,5212552;65,12246669;14,914;14,914;29,828;0,10394825;172369,7;818,8321009;4,583370735;16611,79476;1583,759629;1208,323819;0;0,9;65,12246669;63,82001736;1,302449334;63,82001736;15,50092323;1,625175351;62,19484201;45,09586823;0,710152243;4,56E-05;2,19E-06;44,3857138;0,747528677;0,710152243;0,037376434;0,00490147;0,032474964;0;0;0;0;0;0;0;0;0;0;0;0;0;-6,977023968;0,581465319;0,98;0,025464978;0;0;0;0;0,547932978
descent_5;2683,452605;5028,72883;0,327198689;104,8437778;53841,3703;255,4890424;0,060756413;3,662068027;13,39410029;60,27459236;3,500085191;0,226753077;2774,927651;145,4512614;66,62584179;14,914;14,914;29,828;0,10394825;172369,7;819,6532405;4,638829686;16571,40935;1579,61646;1244,30861;0;0,9;66,62584179;65,29332495;1,332516836;65,29332495;19,91060505;2,087503052;63,2058219;0,710198483;0,710152245;4,56E-05;2,19E-06;4,41E-05;0,747528678;0,710152245;0,037376434;0,00490147;0,032474964;0;0;0;0;0;0;0;0;0;0;0;0;0;-6,653847395;0,573922204;0,98;0,031971156;0;0;0;0;0,54869624
descent_5;2730,137017;4723,93832;0,325939338;104,8437778;56068,75782;257,4671515;0,062030509;3,758765245;13,39410029;60,59542805;3,524038699;0,225552483;2833,119438;137,4680137;73,02310069;14,914;14,914;29,828;0,10394825;172369,7;822,8549115;4,815542855;16459,37948;1568,124208;1299,612142;0;0,9;73,02310069;71,56263868;1,460462014;71,56263868;59,67793769;6,256860439;65,30577824;0,710198513;0,710152248;4,56E-05;2,19E-06;4,41E-05;0,747528682;0,710152248;0,037376434;0,00490147;0,032474964;0;0;0;0;0;0;0;0;0;0;0;0;0;-2,767682064;0,562506688;0,98;0,087431942;0;0;0;0;0,536864601
descent_5;2753,479224;4572;0,325316914;104,8437778;57206,73029;258,4533111;0,062627532;3,803859886;13,39410029;60,73782192;3,534669788;0,225023698;2860,387269;133,1645007;76,36631527;14,914;14,914;29,828;0,10394825;172369,7;824,5216038;4,907346459;16403,96958;1562,44068;1324,916775;0;0,9;76,36631527;74,83898896;1,527326305;74,83898896;80,72159259;8,463156717;66,37583225;0,710194199;0,710152249;4,56E-05;2,19E-06;3,98E-05;0,747528683;0,710152249;0,037376434;0,00490147;0,032474964;0;0;0;0;0;0;0;0;0;0;0;0;0;-0,705460362;0,557409767;0,98;0,113084862;0;0;0;0;0,531537734
descent_6;2753,479224;4572;0,315260503;101,6027778;57206,73029;258,4533111;0,062623177;3,799977975;13,39410029;60,6800574;3,530357104;0,225237909;2860,188363;135,5708269;75,72806581;14,914;14,914;29,828;0,10394825;172369,7;824,1656265;4,899965959;16403,94002;1562,437648;1327,765476;0;0,9;75,72806581;74,21350449;1,514561316;74,21350449;105,4984969;10,71894034;63,49456416;0,710194199;0,710152249;4,56E-05;2,19E-06;3,98E-05;0,747528683;0,710152249;0,037376434;0,00490147;0,032474964;0;0;0;0;0;0;0;0;0;0;0;0;0;1,970290454;0,556784978;0,98;0,144433825;0;0;0;0;0,53203812
descent_6;2777,984567;4419,543638;0,314658694;101,6027778;58367,36439;259,4428804;0,063217815;3,845126627;13,39410029;60,82346609;3,541063959;0,224706847;2887,347264;131,1519056;79,08412237;14,914;14,914;29,828;0,10394825;172369,7;825,8388063;4,99209926;16349,98997;1556,904201;1352,682846;0;0,9;79,08412237;77,50243992;1,581682447;77,50243992;127,4306999;12,94731309;64,55512684;0,71020022;0,710152251;4,56E-05;2,19E-06;4,58E-05;0,747528685;0,710152251;0,037376434;0,00490147;0,032474964;0;0;0;0;0;0;0;0;0;0;0;0;0;4,056782372;0,551869068;0,98;0,167056845;0;0;0;0;0,526889258
descent_6;2826,995253;4114,828727;0,313466028;101,6027778;60744,45676;261,4208768;0,064727566;3,967299402;13,39410029;61,29226924;3,576064679;0,222988143;2956,302122;122,9096068;83,07140341;14,914;14,914;29,828;0,10394825;172369,7;828,0034054;5,129439975;16266,22169;1548,313088;1417,999237;0;0,9;83,07140341;81,40997534;1,661428068;81,40997534;145,0218841;14,73462627;66,67534908;0,71019818;0,710152254;4,56E-05;2,19E-06;4,37E-05;0,747528689;0,710152254;0,037376434;0,00490147;0,032474964;0;0;0;0;0;0;0;0;0;0;0;0;0;5,554649342;0,539492779;0,98;0,180992885;0;0;0;0;0,514199962
descent_6;2851,500596;3962,4;0,31287444;101,6027778;61962,71662;262,4104086;0,065518198;4,031720525;13,39410029;61,53588847;3,594253226;0,222105337;2992,412657;118,6095761;84,81193991;14,914;14,914;29,828;0,10394825;172369,7;828,9968713;5,195266051;16226,51349;1544,24098;1452,141313;0;0,9;84,81193991;83,11570111;1,696238798;83,11570111;151,2021487;15,36255832;67,75314279;0,71019614;0,710152256;4,56E-05;2,19E-06;4,17E-05;0,747528691;0,710152256;0,037376435;0,00490147;0,032474964;0;0;0;0;0;0;0;0;0;0;0;0;0;6,034815627;0,533226958;0,98;0,184833408;0;0;0;0;0,507789096
descent_7;2851,500596;3962,4;0,303210976;98,46466667;61962,71662;262,4104086;0,065523161;4,028492138;13,39410029;61,48195656;3,590226684;0,222300168;2992,639332;121,0435184;84,15297651;14,914;14,914;29,828;0,10394825;172369,7;828,6350071;5,187388531;16226,464;1544,235905;1455,465969;0;0,9;84,15297651;82,46991698;1,68305953;82,46991698;177,1675633;17,44474507;65,02517191;0,71019614;0,710152256;4,56E-05;2,19E-06;4,17E-05;0,747528691;0,710152256;0,037376435;0,00490147;0,032474964;0;0;0;0;0;0;0;0;0;0;0;0;0;8,51900241;0,532558055;0,98;0,211528588;0;0;0;0;0,50815131
descent_7;2877,169452;3809,484045;0,30263905;98,46466667;63204,73447;263,4031509;0,066120765;4,072430065;13,39410029;61,59078869;3,598352062;0,221907359;3019,9337;115,9924078;87,45541754;14,914;14,914;29,828;0,10394825;172369,7;830,3703441;5,284775087;16174,26375;1538,883012;1479,759679;0;0,9;87,45541754;85,70630919;1,749108351;85,70630919;198,9079846;19,5854084;66,12090079;0,710199161;0,710152258;4,56E-05;2,19E-06;4,47E-05;0,747528692;0,710152258;0,037376435;0,00490147;0,032474964;0;0;0;0;0;0;0;0;0;0;0;0;0;10,51360435;0,528126739;0,98;0,228517697;0;0;0;0;0,503477121
descent_7;2928,507163;3504,72419;0,301508712;98,46466667;65740,38818;265,3818177;0,067274064;4,157753196;13,39410029;61,80321136;3,614211483;0,221144646;3072,608325;105,4840725;93,90272869;14,914;14,914;29,828;0,10394825;172369,7;833,8632248;5,477491738;16076,93153;1528,902911;1525,458758;0;0,9;93,90272869;92,02467412;1,878054574;92,02467412;240,4832327;23,67910135;68,34557277;0,710197227;0,710152261;4,56E-05;2,19E-06;4,28E-05;0,747528696;0,710152261;0,037376435;0,00490147;0,032474964;0;0;0;0;0;0;0;0;0;0;0;0;0;14,31019155;0,520008053;0,98;0,257312526;0;0;0;0;0,494853347
descent_7;2954,176018;3352,8;0,300949903;98,46466667;67034,92642;266,3682628;0,067838908;4,199873883;13,39410029;61,90951486;3,622148074;0,220764923;3098,406445;100,0500874;97,11316122;14,914;14,914;29,828;0,10394825;172369,7;835,605599;5,57352579;16030,72006;1524,164949;1547,350422;0;0,9;97,11316122;95,170898;1,942263224;95,170898;260,9529666;25,69464687;69,47625112;0,710199189;0,710152263;4,56E-05;2,19E-06;4,47E-05;0,747528698;0,710152263;0,037376435;0,00490147;0,032474964;0;0;0;0;0;0;0;0;0;0;0;0;0;16,17460143;0,51621965;0,98;0,269984285;0;0;0;0;0,490805163
descent_8;2954,176018;3352,8;0,291830209;95,48088889;67034,92642;266,3682628;0,067856702;4,197544833;13,39410029;61,85895733;3,618373462;0,220945355;3099,21915;102,4233993;96,51403195;14,914;14,914;29,828;0,10394825;172369,7;835,2583666;5,566324269;16029,97907;1524,08898;1551,211538;0;0,9;96,51403195;94,58375131;1,930280639;94,58375131;289,0858776;27,60217656;66,98157475;0,710199189;0,710152263;4,56E-05;2,19E-06;4,47E-05;0,747528698;0,710152263;0,037376435;0,00490147;0,032474964;0;0;0;0;0;0;0;0;0;0;0;0;0;18,45647524;0,515495089;0,98;0,29182789;0;0;0;0;0,491005701
descent_8;2981,110064;3200,56051;0,291290195;95,48088889;68352,84354;267,3568024;0,06847459;4,24483632;13,39410029;61,99140907;3,628262275;0,22047328;3127,439949;96,9999428;99,39437036;14,914;14,914;29,828;0,10394825;172369,7;836,8293873;5,656233707;15986,77281;1519,659374;1575,558148;0;0,9;99,39437036;97,40648295;1,987887407;97,40648295;306,9102562;29,30406407;68,10241888;0,710197792;0,710152265;4,56E-05;2,19E-06;4,33E-05;0,7475287;0,710152265;0,037376435;0,00490147;0,032474965;0;0;0;0;0;0;0;0;0;0;0;0;0;20,00853886;0,511369974;0,98;0,300843057;0;0;0;0;0,486642751
descent_8;3034,978156;2895,561129;0,290217203;95,48088889;71056,5207;269,3374028;0,070060411;4,369595342;13,39410029;62,3689653;3,656450523;0,219138625;3199,869152;86,31220091;103,0860857;14,914;14,914;29,828;0,10394825;172369,7;838,9012411;5,800018841;15911,81948;1511,975525;1641,291742;0;0,9;103,0860857;101,024364;2,061721714;101,024364;321,2726334;30,67539661;70,34896737;0,710197792;0,710152269;4,56E-05;2,19E-06;4,33E-05;0,747528704;0,710152269;0,037376435;0,00490147;0,032474965;0;0;0;0;0;0;0;0;0;0;0;0;0;21,07356448;0,500547424;0,98;0,303643551;0;0;0;0;0,475487878
descent_8;3061,912202;2743,2;0,289685578;95,48088889;72439,29491;270,3268742;0,070633526;4,408254459;13,39410029;62,41022796;3,659531182;0,218993741;3226,045033;80,26576983;106,2535441;14,914;14,914;29,828;0,10394825;172369,7;840,6288689;5,899197539;15867,53407;1507,435927;1662,793332;0;0,9;106,2535441;104,1284732;2,125070882;104,1284732;341,5159487;32,60824635;71,52022687;0,710197792;0,71015227;4,56E-05;2,19E-06;4,33E-05;0,747528706;0,71015227;0,037376435;0,00490147;0,032474965;0;0;0;0;0;0;0;0;0;0;0;0;0;22,85028943;0,497084989;0,98;0,313153985;0;0;0;0;0,471758182
descent_9;3061,912202;2743,2;0,280945065;92,6;72439,29491;270,3268742;0,070662456;4,406804884;13,39410029;62,36416244;3,656091942;0,219155501;3227,366353;82,62688909;105,6379064;14,914;14,914;29,828;0,10394825;172369,7;840,274544;5,891518723;15866,7496;1507,355514;1667,171822;0;0,9;105,6379064;103,5251483;2,112758128;103,5251483;370,4401617;34,30275897;69,2223893;0,710197792;0,71015227;4,56E-05;2,19E-06;4,33E-05;0,747528706;0,71015227;0,037376435;0,00490147;0,032474965;0;0;0;0;0;0;0;0;0;0;0;0;0;24,89652459;0,496321684;0,98;0,331347113;0;0;0;0;0,471827232
descent_9;3090,17304;2590,31343;0,280430516;92,6;73848,72762;271,3198055;0,071234467;4,445434141;13,39410029;62,405663;3,659190363;0,21900976;3253,491811;76,46865933;108,8176201;14,914;14,914;29,828;0,10394825;172369,7;842,0088963;5,991056066;15823,57279;1502,929793;1688,385057;0;0,9;108,8176201;106,6412677;2,176352402;106,6412677;391,4181451;36,24532024;70,39594746;0,710198332;0,710152272;4,56E-05;2,19E-06;4,39E-05;0,747528708;0,710152272;0,037376435;0,00490147;0,032474965;0;0;0;0;0;0;0;0;0;0;0;0;0;26,68360448;0,492971442;0,98;0,339880808;0;0;0;0;0,468206422
descent_9;3146,694717;2285,558523;0,27941315;92,6;76724,68042;273,2991972;0,072300319;4,52296797;13,39410029;62,55806381;3,670568568;0,218476219;3302,17247;63,86994298;114,962293;14,914;14,914;29,828;0,10394825;172369,7;845,3092349;6,188916763;15738,80283;1494,241356;1727,010764;0;0,9;114,962293;112,6630471;2,29924586;112,6630471;430,75171;39,88760835;72,77543879;0,710198319;0,710152276;4,56E-05;2,19E-06;4,39E-05;0,747528712;0,710152276;0,037376436;0,00490147;0,032474965;0;0;0;0;0;0;0;0;0;0;0;0;0;30,00967004;0,486931372;0,98;0,354043401;0;0;0;0;0,461595848
descent_9;3174,955555;2133,6;0,278909949;92,6;78192,31283;274,2862429;0,07282896;4,561810566;13,39410029;62,63731579;3,6764855;0,218199792;3326,31709;57,42468091;117,9960534;14,914;14,914;29,828;0,10394825;172369,7;846,9386027;6,287019148;15698,44155;1490,104871;1745,812846;0;0,9;117,9960534;115,6361323;2,359921068;115,6361323;449,8107235;41,652473;73,98365934;0,710194793;0,710152278;4,56E-05;2,19E-06;4,03E-05;0,747528714;0,710152278;0,037376436;0,004901471;0,032474965;0;0;0;0;0;0;0;0;0;0;0;0;0;31,61368691;0,484058488;0,98;0,360202924;0;0;0;0;0,458433618
descent_10;3174,955555;2133,6;0,268063451;88,99888889;78192,31283;274,2862429;0,072899942;4,561313669;13,39410029;62,56951027;3,671423157;0,218436251;3329,559051;60,40100505;117,2203105;14,914;14,914;29,828;0,10394825;172369,7;846,504263;6,276598196;15697,82944;1490,04214;1752,869605;0;0,9;117,2203105;114,8759043;2,34440621;114,8759043;489,4609581;43,56148143;71,31442286;0,710194793;0,710152278;4,56E-05;2,19E-06;4,03E-05;0,747528714;0,710152278;0,037376436;0,004901471;0,032474965;0;0;0;0;0;0;0;0;0;0;0;0;0;33,94505494;0,482923227;0,98;0,379204688;0;0;0;0;0,45826196
descent_10;3220,05245;1903,868305;0,267337186;88,99888889;80454,31565;275,778553;0,074122223;4,652615127;13,39410029;62,76950337;3,68635459;0,217740281;3385,384291;50,8428524;120,0972072;14,914;14,914;29,828;0,10394825;172369,7;848,1703747;6,394090177;15645,60243;1484,689889;1801,612047;0;0,9;120,0972072;117,6952631;2,401944144;117,6952631;501,1052676;44,59781203;73,09745102;0,710199671;0,710152281;4,56E-05;2,19E-06;4,52E-05;0,747528717;0,710152281;0,037376436;0,004901471;0,032474965;0;0;0;0;0;0;0;0;0;0;0;0;0;34,73983351;0,475700537;0,98;0,378926143;0;0;0;0;0,450766938
descent_10;3310,24624;1446,838221;0,265909578;88,99888889;85112,49149;278,7476868;0,075752333;4,76134182;13,39410029;62,8540618;3,6926677;0,217447352;3459,836305;30,16979407;129,1451791;14,914;14,914;29,828;0,10394825;172369,7;853,3730424;6,705562804;15529,09905;1472,751817;1858,281104;0;0,9;129,1451791;126,5622755;2,582903582;126,5622755;558,7334427;49,72665559;76,83561993;0,710197454;0,710152287;4,56E-05;2,19E-06;4,30E-05;0,747528723;0,710152287;0,037376436;0,004901471;0,032474966;0;0;0;0;0;0;0;0;0;0;0;0;0;39,37358814;0,467542162;0,98;0,392902667;0;0;0;0;0,441729798
descent_10;3355,343135;1219,2;0,265206918;88,99888889;87513,02812;280,2267163;0,076507002;4,815734289;13,39410029;62,94501369;3,699458144;0,217133153;3494,304302;19,53092712;133,5122502;14,914;14,914;29,828;0,10394825;172369,7;855,8383237;6,86021857;15472,82887;1466,986452;1883,508528;0;0,9;133,5122502;130,8420052;2,670245004;130,8420052;585,3609305;52,09647241;78,74553278;0,710197454;0,71015229;4,56E-05;2,19E-06;4,30E-05;0,747528727;0,71015229;0,037376436;0,004901471;0,032474966;0;0;0;0;0;0;0;0;0;0;0;0;0;41,48946023;0,463973577;0,98;0,398163207;0;0;0;0;0,437696409
descent_11;3355,343135;1219,2;0,25600899;85,91222222;87513,02812;280,2267163;0,076590895;4,815614743;13,39410029;62,87450673;3,694194113;0,217376644;3498,135947;22,13008402;132,8902396;14,914;14,914;29,828;0,10394825;172369,7;855,5023115;6,85150703;15472,37026;1466,939465;1890,608327;0;0,9;132,8902396;130,2324348;2,657804792;130,2324348;623,9872529;53,60813153;76,62430327;0,710197454;0,71015229;4,56E-05;2,19E-06;4,30E-05;0,747528727;0,71015229;0,037376436;0,004901471;0,032474966;0;0;0;0;0;0;0;0;0;0;0;0;0;43,35416066;0,462935951;0,98;0,411634257;0;0;0;0;0,437413241
descent_11;3395,224278;1028,241836;0,255444086;85,91222222;89568,91555;281,4675066;0,077293802;4,867650447;13,39410029;62,97594789;3,701767683;0,217026496;3530,239819;13,07127415;136,2798545;14,914;14,914;29,828;0,10394825;172369,7;857,4223233;6,975644014;15427,74284;1462,367296;1914,835942;0;0,9;136,2798545;133,5542574;2,72559709;133,5542574;643,9749477;55,32531881;78,2289386;0,710197799;0,710152293;4,56E-05;2,19E-06;4,33E-05;0,74752873;0,710152293;0,037376436;0,004901471;0,032474966;0;0;0;0;0;0;0;0;0;0;0;0;0;44,85832453;0,459591356;0,98;0,414253502;0;0;0;0;0,433703269
descent_11;3474,986562;647,265175;0,254328041;85,91222222;93787,84191;283,9432038;0,0786781;4,962005821;13,39410029;63,06717907;3,708578979;0,216712551;3593,464861;5,543625917;143,0699503;14,914;14,914;29,828;0,10394825;172369,7;861,347022;7,236162891;15336,8454;1453,055479;1973,055058;0;0,9;143,0699503;140,2085513;2,861399006;140,2085513;683,3021573;58,70400678;81,50454451;0,710199071;0,710152299;4,56E-05;2,19E-06;4,46E-05;0,747528735;0,710152299;0,037376437;0,004901471;0,032474966;0;0;0;0;0;0;0;0;0;0;0;0;0;47,80155109;0,451778159;0,98;0,418690631;0;0;0;0;0,425223514
descent_11;3514,867704;457,2;0,25377665;85,91222222;95952,1631;285,1784132;0,079370211;5,00808604;13,39410029;63,09780429;3,71086545;0,216607367;3625,075647;15,07512393;146,6527327;14,914;14,914;29,828;0,10394825;172369,7;863,3449651;7,36977276;15292,27242;1448,489683;2015,180355;0;0,9;146,6527327;143,719678;2,933054654;143,719678;704,6490633;60,53796691;83,18171113;0,710197817;0,710152301;4,56E-05;2,19E-06;4,33E-05;0,747528738;0,710152301;0,037376437;0,004901471;0,032474966;0;0;0;0;0;0;0;0;0;0;0;0;0;49,41297863;0,446401954;0,98;0,421222534;0;0;0;0;0,419606976
descent_12;3514,867704;457,2;0,174400018;59,04047138;95952,1631;285,1784132;0,101483607;6,071394898;13,39410029;59,8263609;3,466620348;0,228451958;4635,060783;5,370650284;320,3204067;14,914;14,914;29,828;0,10394825;172369,7;888,2258194;9,000802596;14859,46948;1404,169873;2886,113153;0;0,9;320,3204067;313,9139986;6,406408134;313,9139986;3872,190564;228,6159562;85,29804239;0,710197817;0,710152301;4,56E-05;2,19E-06;4,33E-05;0,747528738;0,710152301;0,037376437;0,004901471;0,032474966;0;0;0;0;0;0;0;0;0;0;0;0;0;221,3020648;0,378050685;0,98;0,728275761;0;0;0;0;0,356657924
descent_12;3551,85872;342,9;0,174173314;59,04047138;97273,14245;285,92127;0,102017441;6,111871438;13,39410029;59,91006419;3,472869613;0,228132776;4659,442583;1,543095634;320,3749814;14,914;14,914;29,828;0,10394825;172369,7;888,7002464;9,064240388;14837,60251;1401,931343;2908,851354;0;0,9;320,3749814;313,9674818;6,407499628;313,9674818;3861,974322;228,0127844;85,95469734;0,710196768;0,710152304;4,56E-05;2,19E-06;4,23E-05;0,747528741;0,710152304;0,037376437;0,004901471;0,032474966;0;0;0;0;0;0;0;0;0;0;0;0;0;220,5981515;0,375914977;0,98;0,726230574;0;0;0;0;0,35445416
descent_12;3625,84075;114,3;0,173722524;59,04047138;99959,43431;287,4070633;0,103229015;6,199733908;13,39410029;60,05805546;3,483918603;0,227570626;4714,778802;15,64613459;320,7519963;14,914;14,914;29,828;0,10394825;172369,7;889,704976;9,189253447;14796,35661;1397,709172;2982,135769;0;0,9;320,7519963;314,3369564;6,415039926;314,3369564;3845,045294;227,0132866;87,32366974;0,710198139;0,710152309;4,57E-05;2,19E-06;4,36E-05;0,747528746;0,710152309;0,037376437;0,004901471;0,032474967;0;0;0;0;0;0;0;0;0;0;0;0;0;219,3942465;0,369583957;0,98;0,722197254;0;0;0;0;0,34810492
descent_12;3662,831765;0;0,173498425;59,04047138;101325;288,15;0,104044445;6,25370954;13,39410029;60,1061358;3,487508268;0,227388587;4752,021936;22,8750321;321,0725646;14,914;14,914;29,828;0,10394825;172369,7;890,2493893;9,245825363;14779,47121;1395,980752;3028,015652;0;0,9;321,0725646;314,6511133;6,421451292;314,6511133;3838,308029;226,6155153;88,03559797;0,710196787;0,710152311;4,57E-05;2,19E-06;4,23E-05;0,747528749;0,710152311;0,037376437;0,004901471;0,032474967;0;0;0;0;0;0;0;0;0;0;0;0;0;218,8927989;0,365846913;0,98;0,720212025;0;0;0;0;0,344396324
reserve_climb_1;3662,831765;0;0,241882353;82,31111111;101325;288,15;0,267163173;11,34096615;13,39410029;42,44958625;2,169274929;0,321968963;12202,1436;78,78401291;1766,303872;14,914;14,914;29,828;0,10394825;172369,7;1002,290647;19,10966378;13522,37801;1267,423519;9217,372222;345,402465;0,971240309;2111,706337;2069,47221;42,23412674;2069,47221;14480,24602;1191,885139;877,5870712;0,710196787;44,82774583;0,278095666;0,013320885;0;47,18710087;44,82774583;2,359355044;0,309401069;2,049953974;0,95;355,630282;0;10,22781702;2,568835118;7,658981903;403,2987434;391,7278633;11,57088011;2,906161021;8,664719084;272,8050866;118,9227767;1464,690226;0,249456351;0,98;0,575936769;0,948236643;0,971240309;0,971309407;0,696414813;0,22488383
reserve_climb_1;3673,019029;115,9748887;0,242199367;82,31111111;99939,53581;287,3961769;0,265015913;11,24441727;13,39410029;42,42921545;2,167754051;0,322123545;12104,07179;65,17340309;1753,227899;14,914;14,914;29,828;0,10394825;172369,7;1001,408655;18,94697687;13543,52229;1269,583754;9116,605544;345,402465;0,971240309;2098,630364;2056,657757;41,97260728;2056,657757;14347,50353;1180,958957;875,6987995;45,10603632;44,82803172;0,278184396;0,013325135;0,264679467;47,18740181;44,82803172;2,359370091;0,309403043;2,049967048;0,95;355,630282;0;10,22781702;2,568835118;7,658981903;403,6250994;392,0448559;11,58024345;2,908512734;8,671730717;272,5845067;119,4603493;1453,543464;0,250848726;0,98;0,574212678;0,948236643;0,971240309;0,971309407;0,695289079;0,225386937
reserve_climb_1;3693,393557;344,5696846;0,242827856;82,31111111;97253,73995;285,9104182;0,26079722;11,05496481;13,39410029;42,38912059;2,164760579;0,322428234;11911,39143;38,96746236;1727,455888;14,914;14,914;29,828;0,10394825;172369,7;999,6703204;18,62632102;13586,10726;1273,934738;8919,140265;345,402465;0,971240309;2072,858353;2031,401186;41,45716706;2031,401186;14085,83492;1159,420723;871,9804628;45,10658603;44,828601;0,278361087;0,013333598;0,264651429;47,18800105;44,828601;2,359400053;0,309406972;2,049993081;0,95;355,630282;0;10,22781702;2,568835118;7,658981903;404,2924826;392,6930916;11,59939107;2,913321882;8,686069191;272,1345396;120,558552;1431,555263;0,253650845;0,98;0,57074926;0,948237152;0,971240309;0,971309407;0,692995485;0,228029334
reserve_climb_1;3703,580822;457,2;0,243139306;82,31111111;95952,1631;285,1784132;0,258725331;10,96203584;13,39410029;42,36939536;2,163287899;0,322578341;11816,76204;26,35741019;1714,75865;14,914;14,914;29,828;0,10394825;172369,7;998,8138962;18,4683373;13607,54425;1276,125111;8822,407692;345,402465;0,971240309;2060,161115;2018,957893;41,2032223;2018,957893;13956,89927;1148,807887;870,1500061;45,10715094;44,82888441;0,278449049;0,013337812;0,264928716;47,18829938;44,82888441;2,359414969;0,309408928;2,050006041;0,95;355,630282;0;10,22781702;2,568835118;7,658981903;404,6332255;393,0240583;11,60916719;2,915777267;8,69338992;271,9053744;121,1186839;1420,713261;0,255060482;0,98;0,569010325;0,948230989;0,971240309;0,971309407;0,69182883;0,229358546
reserve_climb_2;3703,580822;457,2;0,25377665;85,91222222;95952,1631;285,1784132;0,259108318;10,98114762;13,39410029;42,38052914;2,164119144;0,322493597;11834,25421;33,05497549;1719,634066;14,914;14,914;29,828;0,10394825;172369,7;999,2067978;18,50255196;13605,70005;1275,936672;8841,910445;345,402465;0,971240309;2065,036531;2023,7358;41,30073062;2023,7358;13500,26365;1159,837651;863,8981497;45,10715094;44,82888444;0,278449058;0,013337812;0,264928686;47,18829941;44,82888444;2,359414971;0,309408928;2,050006042;0,95;355,630282;0;10,22781702;2,568835118;7,658981903;400,6850019;389,1891116;11,49589031;2,887326463;8,608563849;274,5846441;114,6044675;1434,422295;0,254935528;0,98;0,573117128;0,948230989;0,971240309;0,971309407;0,705530129;0,230027804
reserve_climb_2;3721,76436;652,8504832;0,254344298;85,91222222;93724,84573;283,9069067;0,255534581;10,82087803;13,39410029;42,34604172;2,161544322;0,322756242;11671,03092;11,48687119;1697,040279;14,914;14,914;29,828;0,10394825;172369,7;997,7159817;18,22525714;13644,13935;1279,864475;8675,785035;345,402465;0,971240309;2042,442744;2001,593889;40,84885488;2001,593889;13279,10886;1140,837751;860,7561379;45,10766277;44,82938827;0,278605432;0,013345303;0,264929194;47,18882976;44,82938827;2,359441488;0,309412406;2,050029082;0,95;355,630282;0;10,22781702;2,568835118;7,658981903;401,2334713;389,7218451;11,51162622;2,89127872;8,620347503;274,2092985;115,5125466;1415,04705;0,25737027;0,98;0,569964645;0,948230882;0,971240309;0,971309407;0,703602587;0,232335142
reserve_climb_2;3758,131438;1033,901297;0,255460775;85,91222222;89507,42596;281,430732;0,248570181;10,50948131;13,39410029;42,27973469;2,156593857;0,323262418;11352,94588;28,81601431;1652,332457;14,914;14,914;29,828;0,10394825;172369,7;994,7889024;17,68269322;13722,08867;1287,830246;8411,771189;345,402465;0,971240309;1997,734922;1957,780224;39,95469844;1957,780224;12841,3709;1103,23071;854,5495132;45,10865019;44,83038817;0,278915771;0,013360168;0,264901854;47,18988228;44,83038817;2,359494114;0,309419307;2,050074807;0,95;355,630282;0;10,22781702;2,568835118;7,658981903;402,3686561;390,8244608;11,54419535;2,899458834;8,644736514;273,4356839;117,3887768;1376,666394;0,260942966;0,98;0,56351101;0,948231294;0,971240309;0,971309407;0,699638102;0,235788498
reserve_climb_2;3776,314976;1219,2;0,25600899;85,91222222;87513,02812;280,2267163;0,245156558;10,35348791;13,39410029;42,23214745;2,153041006;0,323626671;11197,03547;47,57929558;1629,839344;14,914;14,914;29,828;0,10394825;172369,7;993,4345819;17,42301481;13761,45354;1291,85339;8293,094035;345,402465;0,971240309;1975,241809;1935,736973;39,50483618;1935,736973;12621,08468;1084,305432;851,4315411;45,10963158;44,83088426;0,279069746;0,013367543;0,265379777;47,19040448;44,83088426;2,359520224;0,309422731;2,050097493;0,95;355,630282;0;10,22781702;2,568835118;7,658981903;402,9533849;391,3924133;11,56097156;2,903672376;8,657299188;273,0388993;118,3535141;1357,344331;0,262483046;0,98;0,560151222;0,94822067;0,971240309;0,971309407;0,697609075;0,237297708
reserve_climb_3;3776,314976;1219,2;0,265206918;88,99888889;87513,02812;280,2267163;0,245488416;10,37156114;13,39410029;42,2486784;2,154275203;0,323500043;11212,19242;42,06340977;1633,909513;14,914;14,914;29,828;0,10394825;172369,7;993,7221072;17,45241214;13758,80764;1291,582967;8298,935353;345,402465;0,971240309;1979,311978;1939,725738;39,58623956;1939,725738;12273,78548;1092,35327;847,3724682;45,10963158;44,8308843;0,279069758;0,013367544;0,265379736;47,19040453;44,8308843;2,359520226;0,309422731;2,050097495;0,95;355,630282;0;10,22781702;2,568835118;7,658981903;399,8034659;388,3328674;11,47059852;2,880974135;8,589624385;275,190082;113,1427854;1367,543352;0,262595815;0,98;0,563148309;0,94822067;0,971240309;0,971309407;0,708644838;0,237973922
reserve_climb_3;3800,40377;1455,774396;0,265937275;88,99888889;85019,3588;278,6896281;0,241191504;10,17285947;13,39410029;42,17751994;2,148962531;0,324045826;11015,93956;65,37101764;1605,376866;14,914;14,914;29,828;0,10394825;172369,7;992,0660865;17,12049498;13811,44325;1296,962775;8149,142939;345,402465;0,971240309;1950,779331;1911,763744;39,01558662;1911,763744;12002,72515;1068,229202;843,5345424;45,11038203;44,83153759;0,27927252;0,013377256;0,265467184;47,1910922;44,83153759;2,35955461;0,30942724;2,05012737;0,95;355,630282;0;10,22781702;2,568835118;7,658981903;400,5165492;389,0254919;11,4910573;2,886112597;8,604944707;274,7001312;114,3253607;1342,929333;0,26460477;0,98;0,558766325;0,948218619;0,971240309;0,971309407;0,706123729;0,239944194
reserve_climb_3;3848,581357;1912,89553;0,267365614;88,99888889;80364,43934;275,7199112;0,233437713;9,816304092;13,39410029;42,0510635;2,139521326;0,3250203;10661,80067;108,1624907;1554,098411;14,914;14,914;29,828;0,10394825;172369,7;988,8103952;16,50237549;13911,51083;1307,191778;7878,844968;345,402465;0,971240309;1899,500876;1861,510858;37,99001752;1861,510858;11515,60677;1024,876207;836,6346511;45,11165949;44,8328309;0,279673926;0,013396484;0,265432111;47,19245358;44,8328309;2,359622679;0,309436167;2,050186512;0,95;355,630282;0;10,22781702;2,568835118;7,658981903;401,9939207;390,4604767;11,53344397;2,8967585;8,636685467;273,6905785;116,7698982;1298,566786;0,268442719;0,98;0,550561498;0,948219146;0,971240309;0,971309407;0,700943104;0,243695639
reserve_climb_3;3872,67015;2133,6;0,268063451;88,99888889;78192,31283;274,2862429;0,229721207;9,645346309;13,39410029;41,98718279;2,134752009;0,325514797;10492,05669;127,7238649;1529,439623;14,914;14,914;29,828;0,10394825;172369,7;987,250021;16,21295738;13959,9518;1312,144041;7748,368889;345,402465;0,971240309;1874,842088;1837,345246;37,49684176;1837,345246;11281,2911;1004,022373;833,3228731;45,1129245;44,83347099;0,279872592;0,013406;0,266047514;47,19312736;44,83347099;2,359656368;0,309440584;2,050215783;0,95;355,630282;0;10,22781702;2,568835118;7,658981903;402,7555061;391,2002117;11,5552943;2,902246466;8,653047837;273,1730465;118,0271652;1277,19542;0,270383333;0,98;0,546452756;0,948205467;0,971240309;0,971309407;0,698294731;0,245587775
reserve_climb_4;3872,67015;2133,6;0,278909949;92,6;78192,31283;274,2862429;0,230068642;9,664118238;13,39410029;42,00536915;2,136109798;0,325373864;10507,92509;121,6532116;1533,835206;14,914;14,914;29,828;0,10394825;172369,7;987,5950035;16,24518905;13956,90795;1311,832849;7754,082243;345,402465;0,971240309;1879,237671;1841,652918;37,58475342;1841,652918;10925,81731;1011,730683;829,9222347;45,1129245;44,83347102;0,279872602;0,013406;0,266047484;47,19312739;44,83347102;2,359656369;0,309440585;2,050215785;0,95;355,630282;0;10,22781702;2,568835118;7,658981903;399,2567186;387,8018066;11,45491202;2,877034288;8,577877729;275,5669309;112,2348757;1287,297614;0,270518357;0,98;0,549360128;0,948205467;0,971240309;0,971309407;0,710587022;0,246279579
reserve_climb_4;3890,427999;2289,852696;0,279427409;92,6;76683,5343;273,2713051;0,227451367;9,543592902;13,39410029;41,95882851;2,132635086;0,325734768;10388,38628;135,1811496;1516,431187;14,914;14,914;29,828;0,10394825;172369,7;986,4962425;16,04451014;13990,98011;1315,316354;7661,991894;345,402465;0,971240309;1861,833652;1824,596979;37,23667304;1824,596979;10766,13201;996,9438241;827,6531548;45,11365087;44,83394011;0,280018193;0,013412974;0,266297786;47,19362117;44,83394011;2,359681058;0,309443822;2,050237236;0,95;355,630282;0;10,22781702;2,568835118;7,658981903;399,7640105;388,2945439;11,46946652;2,88068982;8,5887767;275,2172425;113,0773015;1272,161067;0,271920673;0,98;0,54639125;0,948199864;0,971240309;0,971309407;0,708784727;0,247647308
reserve_climb_4;3925,943695;2594,733766;0,280445353;92,6;73807,66711;271,2910967;0,222351624;9,309587494;13,39410029;41,86876321;2,125910834;0,326435467;10155,46572;160,5564382;1482,399989;14,914;14,914;29,828;0,10394825;172369,7;984,3470043;15,65234918;14059,55194;1322,327631;7481,466541;345,402465;0,971240309;1827,802454;1791,246405;36,55604908;1791,246405;10453,79836;968,0217281;823,2246768;45,1145685;44,83487127;0,280307198;0,013426818;0,266270412;47,19460134;44,83487127;2,359730067;0,309450249;2,050279818;0,95;355,630282;0;10,22781702;2,568835118;7,658981903;400,7991633;389,2999976;11,49916567;2,888149107;8,611016562;274,5064329;114,7935647;1242,528161;0,274772153;0,98;0,54041796;0,94820029;0,971240309;0,971309407;0,705128268;0,250424626
reserve_climb_4;3943,701544;2743,2;0,280945065;92,6;72439,29491;270,3268742;0,2198211;9,194308816;13,39410029;41,82632521;2,122742424;0,326766676;10039,8891;172,3918246;1464,881515;14,914;14,914;29,828;0,10394825;172369,7;983,2685116;15,45515706;14095,11296;1325,963938;7391,607472;345,402465;0,971240309;1810,28398;1774,0783;36,2056796;1774,0783;10292,9017;953,1226974;820,955603;45,11548105;44,83533337;0,280450621;0,013433688;0,26671399;47,19508776;44,83533337;2,359754388;0,309453439;2,050300949;0,95;355,630282;0;10,22781702;2,568835118;7,658981903;401,3253746;389,8111116;11,51426298;2,891940972;8,622322009;274,1465045;115,6646071;1227,269202;0,27620406;0,98;0,53724951;0,948190431;0,971240309;0,971309407;0,703280374;0,251824248
reserve_climb_5;3943,701544;2743,2;0,289685578;95,48088889;72439,29491;270,3268742;0,220086945;9,208737743;13,39410029;41,84136293;2,123865137;0,326649237;10052,03104;167,6732664;1468,104208;14,914;14,914;29,828;0,10394825;172369,7;983,5351125;15,47900516;14092,72501;1325,719751;7396,052346;345,402465;0,971240309;1813,506673;1777,23654;36,27013346;1777,23654;10035,56954;958,2051002;819,0314393;45,11548105;44,83533338;0,280450626;0,013433688;0,266713979;47,19508777;44,83533338;2,359754388;0,309453439;2,05030095;0,95;355,630282;0;10,22781702;2,568835118;7,658981903;398,7038026;387,264754;11,43904853;2,873049988;8,565998539;275,9490827;111,3156714;1234,154183;0,276294878;0,98;0,539154513;0,948190432;0,971240309;0,971309407;0,71255925;0,252289079
reserve_climb_5;3963,216556;2900,258534;0,290233639;95,48088889;71014,23199;269,3068974;0,217414283;9,087079314;13,39410029;41,79614692;2,120489321;0,327002613;9929,962547;179,9292994;1449,397823;14,914;14,914;29,828;0,10394825;172369,7;982,3946743;15,26950248;14131,29656;1329,66411;7301,001914;345,402465;0,971240309;1794,800288;1758,904282;35,89600576;1758,904282;9868,350926;942,2389183;816,6653639;45,11611369;44,83583855;0,280607416;0,013441198;0,266833939;47,19561953;44,83583855;2,359780976;0,309456925;2,050324051;0,95;355,630282;0;10,22781702;2,568835118;7,658981903;399,235276;387,7809792;11,45429681;2,876879773;8,577417042;275,5817313;112,1992478;1217,82065;0,277835804;0,98;0,535696529;0,948187693;0,971240309;0,971309407;0,710663354;0,253797217
reserve_climb_5;4002,246579;3204,953429;0,291305736;95,48088889;68314,52207;267,3282772;0,212254303;8,851902547;13,39410029;41,7042313;2,113626925;0,327723323;9694,290781;202,6728387;1413,200046;14,914;14,914;29,828;0,10394825;172369,7;980,2059938;14,87552518;14205,51422;1337,254323;7116,681251;345,402465;0,971240309;1758,602511;1723,430461;35,17205022;1723,430461;9544,688288;911,3353219;812,0951389;45,11710639;44,83684062;0,280918428;0,013456096;0,266809672;47,19667434;44,83684062;2,359833717;0,309463842;2,050369875;0,95;355,630282;0;10,22781702;2,568835118;7,658981903;400,3127032;388,8274943;11,48520884;2,884643687;8,600565153;274,8400131;113,9874812;1186,175335;0,280922763;0,98;0,528791467;0,948188038;0,971240309;0,971309407;0,706843053;0,256813209
reserve_climb_5;4021,761591;3352,8;0,291830209;95,48088889;67034,92642;266,3682628;0,209835513;8,741564356;13,39410029;41,65912734;2,110259475;0,328078146;9583,817385;213,3010538;1396,205675;14,914;14,914;29,828;0,10394825;172369,7;979,1441567;14,6906085;14240,93129;1340,876714;7030,20805;345,402465;0,971240309;1741,60814;1706,775977;34,8321628;1706,775977;9392,747345;896,8278656;809,9481116;45,1180814;44,83733754;0,281072659;0,013463484;0,26728038;47,19719741;44,83733754;2,359859871;0,309467271;2,050392599;0,95;355,630282;0;10,22781702;2,568835118;7,658981903;400,8580051;389,3571512;11,50085387;2,888573119;8,612280755;274,4661383;114,8910129;1171,294004;0,282420837;0,98;0,525451423;0,948177575;0,971240309;0,971309407;0,704921272;0,2582745
reserve_cruise;4021,761591;3352,8;0,295603876;96,71555556;67034,92642;266,3682628;0,123839345;6,357340024;13,39410029;51,33538153;2,832686065;0,266238389;5656,114404;153,6156916;654,0607044;14,914;14,914;29,828;0,10394825;172369,7;917,2860908;9,943736126;14914,96822;1409,8516;3715,989791;345,402465;0,971240309;999,4631694;979,473906;19,98926339;979,473906;2358,249959;228,0794549;751,3944511;45,1180814;44,83733755;0,281072661;0,013463484;0,267280369;47,19719742;44,83733755;2,359859871;0,309467271;2,0503926;0,95;355,630282;0;10,22781702;2,568835118;7,658981903;399,7514632;388,2823567;11,46910653;2,880599405;8,588507127;275,225881;113,0564757;503,305336;0,360385125;0,98;0,232859144;0,948177576;0,971240309;0,971309407;0,708829223;0,331859149
reserve_cruise;4264,934304;3352,8;0,295603876;96,71555556;67034,92642;266,3682628;0,12376026;6,354754618;13,39410029;51,34729531;2,833575545;0,266176615;5652,502355;153,5532191;653,3419853;14,914;14,914;29,828;0,10394825;172369,7;917,2175976;9,938913427;14915,9218;1409,949227;3712,936361;345,402465;0,971240309;998,7444503;978,7695613;19,97488901;978,7695613;2351,272663;227,4046419;751,3649194;45,12237975;44,84330674;0,282925329;0,013552227;0,265520779;47,20348078;44,84330674;2,360174039;0,309508471;2,050665568;0,95;355,630282;0;10,22781702;2,568835118;7,658981903;399,7514632;388,2823567;11,46910653;2,880599405;8,588507127;275,225881;113,0564757;502,6305229;0,360506231;0,98;0,232337264;0,948215198;0,971240309;0,971309407;0,708829223;0,331968668
reserve_cruise;4751,279729;3352,8;0,295603876;96,71555556;67034,92642;266,3682628;0,123602494;6,34959073;13,39410029;51,37105672;2,835349565;0,266053497;5645,296708;153,4284414;651,9096035;14,914;14,914;29,828;0,10394825;172369,7;917,0810933;9,929301958;14917,82519;1410,144096;3706,84345;345,402465;0,971240309;997,3120685;977,3658271;19,94624137;977,3658271;2337,365538;226,0596066;751,3062206;45,13345407;44,85408389;0,28627025;0,01371245;0,265657727;47,21482515;44,85408389;2,360741257;0,309582855;2,051158403;0,95;355,630282;0;10,22781702;2,568835118;7,658981903;399,7514632;388,2823567;11,46910653;2,880599405;8,588507127;275,225881;113,0564757;501,2854876;0,360748552;0,98;0,231294772;0,948210131;0,971240309;0,971309407;0,708829223;0,332187637
reserve_cruise;4994,452441;3352,8;0,295603876;96,71555556;67034,92642;266,3682628;0,123523813;6,347012259;13,39410029;51,38290428;2,8362341;0,265992152;5641,703111;153,3661365;651,1959339;14,914;14,914;29,828;0,10394825;172369,7;917,0130814;9,924513142;14918,77499;1410,241337;3703,803977;345,402465;0,971240309;996,5983989;976,6664309;19,93196798;976,6664309;2330,435649;225,3893785;751,2770524;45,14356282;44,85891995;0,287771224;0,013784347;0,270858522;47,21991574;44,85891995;2,360995787;0,309616233;2,051379554;0,95;355,630282;0;10,22781702;2,568835118;7,658981903;399,7514632;388,2823567;11,46910653;2,880599405;8,588507127;275,225881;113,0564757;500,6152595;0,360869764;0,98;0,230774163;0,948094719;0,971240309;0,971309407;0,708829223;0,332296897
reserve_descent_3;4994,452441;3352,8;0,291830209;95,48088889;67034,92642;266,3682628;0,067856702;4,197544833;13,39410029;61,85895733;3,618373462;0,220945355;3099,21915;102,4233993;96,51403195;14,914;14,914;29,828;0,10394825;172369,7;835,2583666;5,566324269;16029,97907;1524,08898;1551,211538;0;0,9;96,51403195;94,58375131;1,930280639;94,58375131;289,0858776;27,60217656;66,98157475;45,14356282;0,710157146;4,72E-05;2,26E-06;44,43340341;0,747533837;0,710157146;0,037376692;0,004901504;0,032475188;0;0;0;0;0;0;0;0;0;0;0;0;0;18,45647524;0,515495089;0,98;0,29182789;0;0;0;0;0,484286122
reserve_descent_3;5021,344644;3200,608395;0,291290365;95,48088889;68352,42572;267,3564915;0,068474308;4,244813165;13,39410029;61,99132622;3,628256089;0,220473574;3127,427069;97,00148113;99,39400734;14,914;14,914;29,828;0,10394825;172369,7;836,8291754;5,656215609;15986,78338;1519,660457;1575,546086;0;0,9;99,39400734;97,40612719;1,987880147;97,40612719;306,9101302;29,30405204;68,10207515;0,710205854;0,710157147;4,72E-05;2,26E-06;4,64E-05;0,747533839;0,710157147;0,037376692;0,004901504;0,032475188;0;0;0;0;0;0;0;0;0;0;0;0;0;20,00857427;0,511371996;0,98;0,300844032;0;0;0;0;0,486644808
reserve_descent_3;5075,12905;2895,605733;0,290217359;95,48088889;71056,11904;269,3371132;0,070060243;4,369583796;13,39410029;62,36895005;3,656449384;0,219138678;3199,861479;86,31395036;103,0851585;14,914;14,914;29,828;0,10394825;172369,7;838,9007354;5,799989806;15911,83265;1511,976875;1641,285395;0;0,9;103,0851585;101,0234553;2,06170317;101,0234553;321,2666846;30,67482862;70,34862671;0,710203995;0,710157149;4,72E-05;2,26E-06;4,46E-05;0,747533841;0,710157149;0,037376692;0,004901504;0,032475188;0;0;0;0;0;0;0;0;0;0;0;0;0;21,07304189;0,500548455;0,98;0,30364066;0;0;0;0;0,475488986
reserve_descent_3;5102,021253;2743,2;0,289685578;95,48088889;72439,29491;270,3268742;0,070633526;4,408254459;13,39410029;62,41022796;3,659531182;0,218993741;3226,045033;80,26576983;106,2535441;14,914;14,914;29,828;0,10394825;172369,7;840,6288689;5,899197539;15867,53407;1507,435927;1662,793332;0;0,9;106,2535441;104,1284732;2,125070882;104,1284732;341,5159487;32,60824635;71,52022687;0,710202136;0,710157151;4,72E-05;2,26E-06;4,27E-05;0,747533843;0,710157151;0,037376692;0,004901504;0,032475188;0;0;0;0;0;0;0;0;0;0;0;0;0;22,85028943;0,497084989;0,98;0,313153985;0;0;0;0;0,471758182
reserve_descent_4;5102,021253;2743,2;0,280945065;92,6;72439,29491;270,3268742;0,070662456;4,406804884;13,39410029;62,36416244;3,656091942;0,219155501;3227,366353;82,62688909;105,6379064;14,914;14,914;29,828;0,10394825;172369,7;840,274544;5,891518723;15866,7496;1507,355514;1667,171822;0;0,9;105,6379064;103,5251483;2,112758128;103,5251483;370,4401617;34,30275897;69,2223893;0,710202136;0,710157151;4,72E-05;2,26E-06;4,27E-05;0,747533843;0,710157151;0,037376692;0,004901504;0,032475188;0;0;0;0;0;0;0;0;0;0;0;0;0;24,89652459;0,496321684;0,98;0,331347113;0;0;0;0;0,471827231
reserve_descent_4;5130,24395;2590,352952;0,280430648;92,6;73848,36043;271,3195488;0,07123432;4,445424424;13,39410029;62,40565536;3,659189794;0,219009787;3253,485097;76,47027024;108,8167982;14,914;14,914;29,828;0,10394825;172369,7;842,008448;5,991030335;15823,58378;1502,93092;1688,379649;0;0,9;108,8167982;106,6404622;2,176335964;106,6404622;391,4127428;36,24481998;70,39564225;0,710204981;0,710157152;4,72E-05;2,26E-06;4,56E-05;0,747533844;0,710157152;0,037376692;0,004901504;0,032475188;0;0;0;0;0;0;0;0;0;0;0;0;0;26,68314468;0,492972289;0,98;0,339878684;0;0;0;0;0,468207339
reserve_descent_4;5186,689344;2285,597975;0,279413281;92,6;76724,30231;273,298941;0,072300183;4,522958075;13,39410029;62,55804464;3,670567137;0,218476286;3302,166258;63,87160469;114,9614984;14,914;14,914;29,828;0,10394825;172369,7;845,3088083;6,188891151;15738,8135;1494,242449;1727,005916;0;0,9;114,9614984;112,6622684;2,299229968;112,6622684;430,7466681;39,88714147;72,77512697;0,710204981;0,710157155;4,72E-05;2,26E-06;4,56E-05;0,747533847;0,710157155;0,037376692;0,004901504;0,032475188;0;0;0;0;0;0;0;0;0;0;0;0;0;30,00924464;0,486932118;0,98;0,354041704;0;0;0;0;0,461596669
reserve_descent_4;5214,912042;2133,6;0,278909949;92,6;78192,31283;274,2862429;0,07282896;4,561810566;13,39410029;62,63731579;3,6764855;0,218199792;3326,31709;57,42468091;117,9960534;14,914;14,914;29,828;0,10394825;172369,7;846,9386027;6,287019148;15698,44155;1490,104871;1745,812846;0;0,9;117,9960534;115,6361323;2,359921068;115,6361323;449,8107235;41,652473;73,98365934;0,710204956;0,710157156;4,72E-05;2,26E-06;4,55E-05;0,747533849;0,710157156;0,037376692;0,004901504;0,032475188;0;0;0;0;0;0;0;0;0;0;0;0;0;31,61368691;0,484058488;0,98;0,360202924;0;0;0;0;0,458433616
reserve_descent_5;5214,912042;2133,6;0,268063451;88,99888889;78192,31283;274,2862429;0,072899942;4,561313669;13,39410029;62,56951027;3,671423157;0,218436251;3329,559051;60,40100505;117,2203105;14,914;14,914;29,828;0,10394825;172369,7;846,504263;6,276598196;15697,82944;1490,04214;1752,869605;0;0,9;117,2203105;114,8759043;2,34440621;114,8759043;489,4609581;43,56148143;71,31442286;0,710204956;0,710157156;4,72E-05;2,26E-06;4,55E-05;0,747533849;0,710157156;0,037376692;0,004901504;0,032475188;0;0;0;0;0;0;0;0;0;0;0;0;0;33,94505494;0,482923227;0,98;0,379204688;0;0;0;0;0,458261959
reserve_descent_5;5259,962473;1903,957427;0,267337467;88,99888889;80453,42794;275,7779741;0,074121901;4,65259377;13,39410029;62,76948793;3,686353437;0,217740334;3385,369584;50,84679214;120,095443;14,914;14,914;29,828;0,10394825;172369,7;848,1693602;6,394029442;15645,62618;1484,692323;1801,600611;0;0,9;120,095443;117,6935341;2,40190886;117,6935341;501,0938815;44,59679868;73,09673546;0,710204082;0,710157158;4,72E-05;2,26E-06;4,47E-05;0,747533851;0,710157158;0,037376693;0,004901504;0,032475188;0;0;0;0;0;0;0;0;0;0;0;0;0;34,73891481;0,475702222;0,98;0,378923099;0;0;0;0;0,45076879
reserve_descent_5;5350,063336;1446,927522;0,265909855;88,99888889;85111,56039;278,7471066;0,075752019;4,761320911;13,39410029;62,85404631;3,692666544;0,217447405;3459,821964;30,17392538;129,143411;14,914;14,914;29,828;0,10394825;172369,7;853,3720257;6,705501942;15529,12082;1472,754047;1858,270431;0;0,9;129,143411;126,5605428;2,58286822;126,5605428;558,7223324;49,72566678;76,834876;0,710204074;0,710157163;4,72E-05;2,26E-06;4,47E-05;0,747533855;0,710157163;0,037376693;0,004901504;0,032475189;0;0;0;0;0;0;0;0;0;0;0;0;0;39,37269799;0,467543662;0,98;0,392900233;0;0;0;0;0,441731473
reserve_descent_5;5395,113768;1219,2;0,265206918;88,99888889;87513,02812;280,2267163;0,076507002;4,815734289;13,39410029;62,94501369;3,699458144;0,217133153;3494,304302;19,53092712;133,5122502;14,914;14,914;29,828;0,10394825;172369,7;855,8383237;6,86021857;15472,82887;1466,986452;1883,508528;0;0,9;133,5122502;130,8420052;2,670245004;130,8420052;585,3609305;52,09647241;78,74553278;0,710204066;0,710157165;4,72E-05;2,26E-06;4,46E-05;0,747533858;0,710157165;0,037376693;0,004901504;0,032475189;0;0;0;0;0;0;0;0;0;0;0;0;0;41,48946023;0,463973577;0,98;0,398163207;0;0;0;0;0,437696408
reserve_descent_6;5395,113768;1219,2;0,25600899;85,91222222;87513,02812;280,2267163;0,076590895;4,815614743;13,39410029;62,87450673;3,694194113;0,217376644;3498,135947;22,13008402;132,8902396;14,914;14,914;29,828;0,10394825;172369,7;855,5023115;6,85150703;15472,37026;1466,939465;1890,608327;0;0,9;132,8902396;130,2324348;2,657804792;130,2324348;623,9872529;53,60813153;76,62430327;0,710204066;0,710157165;4,72E-05;2,26E-06;4,46E-05;0,747533858;0,710157165;0,037376693;0,004901504;0,032475189;0;0;0;0;0;0;0;0;0;0;0;0;0;43,35416066;0,462935951;0,98;0,411634257;0;0;0;0;0,437413241
reserve_descent_6;5434,959892;1028,307776;0,25544428;85,91222222;89568,19893;281,4670781;0,077293328;4,867614288;13,39410029;62,97586627;3,70176159;0,217026777;3530,21817;13,07438536;136,2793983;14,914;14,914;29,828;0,10394825;172369,7;857,4220213;6,97561691;15427,75453;1462,368494;1914,816663;0;0,9;136,2793983;133,5538103;2,725587966;133,5538103;643,9759912;55,32540846;78,22840187;0,710204586;0,710157167;4,72E-05;2,26E-06;4,52E-05;0,74753386;0,710157167;0,037376693;0,004901504;0,032475189;0;0;0;0;0;0;0;0;0;0;0;0;0;44,85848834;0,45959397;0,98;0,41425556;0;0;0;0;0,433705921
reserve_descent_6;5514,652141;647,3301604;0,25432823;85,91222222;93787,10875;283,9427814;0,078677885;4,961991342;13,39410029;63,06716737;3,708578106;0,216712591;3593,455042;5,540395948;143,0687353;14,914;14,914;29,828;0,10394825;172369,7;861,3463227;7,236117032;15336,86072;1453,057048;1973,041654;0;0,9;143,0687353;140,2073606;2,861374706;140,2073606;683,294919;58,70338492;81,50397567;0,710204577;0,71015717;4,72E-05;2,26E-06;4,51E-05;0,747533864;0,71015717;0,037376693;0,004901504;0,032475189;0;0;0;0;0;0;0;0;0;0;0;0;0;47,80100471;0,451779896;0,98;0,418689751;0;0;0;0;0,425225339
reserve_descent_6;5554,498265;457,2;0,25377665;85,91222222;95952,1631;285,1784132;0,079370211;5,00808604;13,39410029;63,09780429;3,71086545;0,216607367;3625,075647;15,07512393;146,6527327;14,914;14,914;29,828;0,10394825;172369,7;863,3449651;7,36977276;15292,27242;1448,489683;2015,180355;0;0,9;146,6527327;143,719678;2,933054654;143,719678;704,6490633;60,53796691;83,18171113;0,710204586;0,710157172;4,72E-05;2,26E-06;4,52E-05;0,747533866;0,710157172;0,037376693;0,004901504;0,032475189;0;0;0;0;0;0;0;0;0;0;0;0;0;49,41297863;0,446401954;0,98;0,421222534;0;0;0;0;0,419606975
reserve_descent_7;5554,498265;457,2;0,173173257;58,62517009;95952,1631;285,1784132;0,101010917;6,051565547;13,39410029;59,91001494;3,472865937;0,228132964;4613,471612;5,648799449;314,8147665;14,914;14,914;29,828;0,10394825;172369,7;887,400391;8,950161766;14869,61169;1405,208157;2869,269488;0;0,9;314,8147665;308,5184712;6,29629533;308,5184712;3820,351062;223,9687308;84,54974036;0,710204586;0,710157172;4,72E-05;2,26E-06;4,52E-05;0,747533866;0,710157172;0,037376693;0,004901504;0,032475189;0;0;0;0;0;0;0;0;0;0;0;0;0;216,7600839;0,378827735;0,98;0,725949179;0;0;0;0;0,357544763
reserve_descent_7;5591,751325;342,9;0,172948148;58,62517009;97273,14245;285,92127;0,101539722;6,091755304;13,39410029;59,99381507;3,479122432;0,227814305;4637,623723;1,240363047;314,8782969;14,914;14,914;29,828;0,10394825;172369,7;887,8761586;9,013681916;14847,55284;1402,949954;2891,207835;0;0,9;314,8782969;308,580731;6,297565938;308,580731;3810,292832;223,3790654;85,20166559;0,710202061;0,710157174;4,72E-05;2,26E-06;4,26E-05;0,747533867;0,710157174;0,037376693;0,004901504;0,032475189;0;0;0;0;0;0;0;0;0;0;0;0;0;216,0708785;0,376742284;0,98;0,723891815;0;0;0;0;0,355387958
reserve_descent_7;5666,257445;114,3;0,172500528;58,62517009;99959,43431;287,4070633;0,10280027;6,181787975;13,39410029;60,13396633;3,489586089;0,227283349;4695,196732;15,2987914;315,2683297;14,914;14,914;29,828;0,10394825;172369,7;888,8909498;9,136625101;14807,09789;1398,808689;2966,590505;0;0,9;315,2683297;308,9629631;6,305366594;308,9629631;3793,632422;222,402346;86,56061711;0,710204746;0,710157178;4,72E-05;2,26E-06;4,53E-05;0,747533871;0,710157178;0,037376694;0,004901504;0,032475189;0;0;0;0;0;0;0;0;0;0;0;0;0;214,8921893;0,370216893;0,98;0,719834972;0;0;0;0;0,348855256
reserve_descent_7;5703,510505;0;0,172278006;58,62517009;101325;288,15;0,103605581;6,235370696;13,39410029;60,18373369;3,493301707;0,227095403;4731,977701;22,50327995;315,5930276;14,914;14,914;29,828;0,10394825;172369,7;889,4331809;9,193303052;14789,97455;1397,055889;3012,004065;0;0,9;315,5930276;309,281167;6,311860552;309,281167;3787,006477;222,0138988;87,2672682;0,710204746;0,710157179;4,72E-05;2,26E-06;4,53E-05;0,747533873;0,710157179;0,037376694;0,004901504;0,032475189;0;0;0;0;0;0;0;0;0;0;0;0;0;214,4013017;0,36649151;0,98;0,717838402;0;0;0;0;0,345156509
hold;5703,510505;457,2;0,334316545;113,1777778;95952,1631;285,1784132;0,167718282;8,49755279;13,39410029;50,66563221;2,782682757;0,269757796;7660,197094;71,70166426;930,5365989;14,914;14,914;29,828;0,10394825;172369,7;951,3241029;13,53222119;14164,84682;1333,095178;5438,438982;345,402465;0,971240309;1275,939064;1250,420283;25,51878128;1250,420283;3986,6956;451,2053488;799,2149338;0,710204746;44,85912859;0,287835979;0,013787449;0;47,22013536;44,85912859;2,361006768;0,309617673;2,051389095;0,95;355,630282;0;10,22781702;2,568835118;7,658981903;384,4631031;373,4326287;11,03047442;2,770431851;8,260042564;286,1703705;87,26225821;737,3757193;0,2966231;0,98;0,360842954;0,948191431;0,971240309;0,971309407;0,766323959;0,271615816
hold;6153,510505;457,2;0,334316545;113,1777778;95952,1631;285,1784132;0,167593263;8,493897527;13,39410029;50,68161676;2,783876159;0,269672717;7654,487101;71,67082144;929,402156;14,914;14,914;29,828;0,10394825;172369,7;951,2361711;13,52477872;14165,76396;1333,188973;5433,738794;345,402465;0,971240309;1274,804621;1249,308529;25,49609242;1249,308529;3977,244145;450,1356541;799,1728745;45,14725076;44,86695094;0,290263815;0,013903743;0,266396072;47,22836941;44,86695094;2,361418471;0,309671663;2,051746807;0,95;355,630282;0;10,22781702;2,568835118;7,658981903;384,4631031;373,4326287;11,03047442;2,770431851;8,260042564;286,1703705;87,26225821;736,3060246;0,296708811;0,98;0,360307837;0,948191431;0,971240309;0,971309407;0,766323959;0,270137763
hold;7053,510505;457,2;0,334316545;113,1777778;95952,1631;285,1784132;0,167344942;8,48662413;13,39410029;50,71335906;2,786246031;0,269503924;7643,145536;71,60944911;927,1515327;14,914;14,914;29,828;0,10394825;172369,7;951,061723;13,51001358;14167,58693;1333,375406;5424,400046;345,402465;0,971240309;1272,553998;1247,102918;25,45107995;1247,102918;3958,491382;448,0132581;799,0896597;45,16486402;44,87237894;0,291948511;0,013984441;0,278500641;47,23408309;44,87237894;2,361704155;0,309709127;2,051995028;0,95;355,630282;0;10,22781702;2,568835118;7,658981903;384,4631031;373,4326287;11,03047442;2,770431851;8,260042564;286,1703705;87,26225821;734,1836286;0,296879803;0,98;0,359243212;0,947924057;0,971240309;0,971309407;0,766323959;0,270284626
hold;7503,510505;457,2;0,334316545;113,1777778;95952,1631;285,1784132;0,167221685;8,483007497;13,39410029;50,72911146;2,787422101;0,269420238;7637,516019;71,57893225;926,0357336;14,914;14,914;29,828;0,10394825;172369,7;950,9752363;13,50269342;14168,49241;1333,468009;5419,763208;345,402465;0,971240309;1271,438199;1246,009435;25,42876397;1246,009435;3949,193273;446,9609187;799,0485159;45,15791978;44,86103728;0,288428383;0,013815825;0,283066672;47,22214451;44,86103728;2,361107225;0,309630847;2,051476378;0,95;355,630282;0;10,22781702;2,568835118;7,658981903;384,4631031;373,4326287;11,03047442;2,770431851;8,260042564;286,1703705;87,26225821;733,1312892;0,296965047;0,98;0,358713912;0,947825683;0,971240309;0,971309407;0,766323959;0,270358387
